# name	status	bytes	sha256(stdout)	gloss  -- status is the Finisher status (a refusal code is a status: 853=0x355 862=0x35e 860=0x35c 861=0x35d; arenas 888..894=0x378..0x37e); regenerate ONLY by deliberate review: run.sh --capture
arena_block_reuse	0	2	2e6d31a5983a91251bfae5aefa1c0a19d8ba3cf601d0e8a706b4cfa9661a6b8a	9|
arena_ok	0	44	daffa8ed0ea1b6b1d9e2719253d49acfb8df0e9f4e6f684617f886058506444f	1234567890123|44|4464|5|0|7|0|1|768|0|257|4|
arena_refuse_bounds	892	2	10159baf262b43a92d95db59dae1f72c645127301661e0a3ce4e38b295a97c58	7|
arena_refuse_destroyed	889	2	10159baf262b43a92d95db59dae1f72c645127301661e0a3ce4e38b295a97c58	7|
arena_refuse_double_destroy	890	2	10159baf262b43a92d95db59dae1f72c645127301661e0a3ce4e38b295a97c58	7|
arena_refuse_foreign_handle	890	2	10159baf262b43a92d95db59dae1f72c645127301661e0a3ce4e38b295a97c58	7|
arena_refuse_forged	892	2	10159baf262b43a92d95db59dae1f72c645127301661e0a3ce4e38b295a97c58	7|
arena_refuse_forged_edge	892	2	10159baf262b43a92d95db59dae1f72c645127301661e0a3ce4e38b295a97c58	7|
arena_refuse_full	891	2	10159baf262b43a92d95db59dae1f72c645127301661e0a3ce4e38b295a97c58	7|
arena_refuse_hugesize	891	2	10159baf262b43a92d95db59dae1f72c645127301661e0a3ce4e38b295a97c58	7|
arena_refuse_misaligned	892	2	10159baf262b43a92d95db59dae1f72c645127301661e0a3ce4e38b295a97c58	7|
arena_refuse_negative	892	2	10159baf262b43a92d95db59dae1f72c645127301661e0a3ce4e38b295a97c58	7|
arena_refuse_oversize	892	2	10159baf262b43a92d95db59dae1f72c645127301661e0a3ce4e38b295a97c58	7|
arena_refuse_region_alloc	884	2	10159baf262b43a92d95db59dae1f72c645127301661e0a3ce4e38b295a97c58	7|
arena_refuse_region_edge	891	0	e3b0c44298fc1c149afbf4c8996fb92427ae41e4649b934ca495991b7852b855	
arena_refuse_region_end	891	2	10159baf262b43a92d95db59dae1f72c645127301661e0a3ce4e38b295a97c58	7|
arena_refuse_region_write	882	2	10159baf262b43a92d95db59dae1f72c645127301661e0a3ce4e38b295a97c58	7|
arena_refuse_slots	893	2	10159baf262b43a92d95db59dae1f72c645127301661e0a3ce4e38b295a97c58	7|
arena_refuse_stale	888	2	10159baf262b43a92d95db59dae1f72c645127301661e0a3ce4e38b295a97c58	7|
arena_refuse_stale_handle	890	2	10159baf262b43a92d95db59dae1f72c645127301661e0a3ce4e38b295a97c58	7|
arena_region_fit	6	0	e3b0c44298fc1c149afbf4c8996fb92427ae41e4649b934ca495991b7852b855	
arena_region_read	0	5	24e82ffb44dd69710b3eac274ebfd154708c3fcc4671c088e85df78a5fbc41ff	7|20|
arena_table_overrun	0	11	61dfe44e0b3d71d7e1fd70aba6155b047f95e2203e61aceb2bac0dbd8d5006d1	1234567|42|
array_grow	0	14	ce637d7c0ef628bd428031f8f37fc9979f6ca10f61fe0714600094e7eb5a3d88	5000|12497500|
array_refuse_bound_read	853	0	e3b0c44298fc1c149afbf4c8996fb92427ae41e4649b934ca495991b7852b855	
array_refuse_fresh_read	853	0	e3b0c44298fc1c149afbf4c8996fb92427ae41e4649b934ca495991b7852b855	
array_refuse_global_bound_read	853	0	e3b0c44298fc1c149afbf4c8996fb92427ae41e4649b934ca495991b7852b855	
array_refuse_negative_read	853	0	e3b0c44298fc1c149afbf4c8996fb92427ae41e4649b934ca495991b7852b855	
array_refuse_negative_write	861	0	e3b0c44298fc1c149afbf4c8996fb92427ae41e4649b934ca495991b7852b855	
bench_flac	0	10	910411bc2a9e54bd47894dfb70a81712cbc75b43882a5b6858753b70325a6c27	477020996|
bench_heapsort	0	21	0d267951cacca02b2a6d37143e82a3374c893cf29019fa519c323c875e252685	287390255993015520?1|
bench_matmul	0	10	72f9f4e29e3d68f1e127dd9a5dfd85c6ce1f66e8e83197b16a97f23c2e94b7aa	162294419|
bench_sieve	0	6	73c095353061aa4ba8151cdfa1b4d51fc8a3e0e678d8bbe7809a5cefeac36a0c	25997|
control_flow	42	22	a83581fd0a2a8e29493e2da58e4bdd7005c4baf8042e5fe56f3e2ae64f740239	1|0|6|999|111|45|1035|
file_read	0	6	f48d6c2fa9206e6484f1a4a2b19be303444bca3827324063615c53fbc53a1759	4|304|
file_roundtrip	0	6	431d1a29456a7a47861dccea056687c9575d917e777f602c47a5da21e8828f1e	4|100|
fj_bound_hi_top	884	0	e3b0c44298fc1c149afbf4c8996fb92427ae41e4649b934ca495991b7852b855	
fj_bound_index_top	884	0	e3b0c44298fc1c149afbf4c8996fb92427ae41e4649b934ca495991b7852b855	
fj_bound_lo_top	0	0	e3b0c44298fc1c149afbf4c8996fb92427ae41e4649b934ca495991b7852b855	
fj_map_reads	42	0	e3b0c44298fc1c149afbf4c8996fb92427ae41e4649b934ca495991b7852b855	
fj_marker_name_free	147	0	e3b0c44298fc1c149afbf4c8996fb92427ae41e4649b934ca495991b7852b855	
fj_pure_helper	14	0	e3b0c44298fc1c149afbf4c8996fb92427ae41e4649b934ca495991b7852b855	
fj_refuse_372_field	882	0	e3b0c44298fc1c149afbf4c8996fb92427ae41e4649b934ca495991b7852b855	
fj_refuse_372_global	882	0	e3b0c44298fc1c149afbf4c8996fb92427ae41e4649b934ca495991b7852b855	
fj_refuse_372_index_assigned	882	0	e3b0c44298fc1c149afbf4c8996fb92427ae41e4649b934ca495991b7852b855	
fj_refuse_372_other_element	882	0	e3b0c44298fc1c149afbf4c8996fb92427ae41e4649b934ca495991b7852b855	
fj_refuse_372_other_run	882	0	e3b0c44298fc1c149afbf4c8996fb92427ae41e4649b934ca495991b7852b855	
fj_refuse_373_read_other	883	0	e3b0c44298fc1c149afbf4c8996fb92427ae41e4649b934ca495991b7852b855	
fj_refuse_374_local_growth	884	0	e3b0c44298fc1c149afbf4c8996fb92427ae41e4649b934ca495991b7852b855	
fj_refuse_374_own_growth	884	0	e3b0c44298fc1c149afbf4c8996fb92427ae41e4649b934ca495991b7852b855	
fj_refuse_374_record	884	0	e3b0c44298fc1c149afbf4c8996fb92427ae41e4649b934ca495991b7852b855	
fj_refuse_374_slice	884	0	e3b0c44298fc1c149afbf4c8996fb92427ae41e4649b934ca495991b7852b855	
fj_refuse_375_nested	885	0	e3b0c44298fc1c149afbf4c8996fb92427ae41e4649b934ca495991b7852b855	
fj_refuse_376_device_read	886	0	e3b0c44298fc1c149afbf4c8996fb92427ae41e4649b934ca495991b7852b855	
fj_refuse_376_device_store	886	0	e3b0c44298fc1c149afbf4c8996fb92427ae41e4649b934ca495991b7852b855	
fj_refuse_376_file_read	886	0	e3b0c44298fc1c149afbf4c8996fb92427ae41e4649b934ca495991b7852b855	
fj_refuse_376_file_write	886	0	e3b0c44298fc1c149afbf4c8996fb92427ae41e4649b934ca495991b7852b855	
fj_refuse_380_alias_read	896	0	e3b0c44298fc1c149afbf4c8996fb92427ae41e4649b934ca495991b7852b855	
fj_refuse_lowest_index_wins	883	0	e3b0c44298fc1c149afbf4c8996fb92427ae41e4649b934ca495991b7852b855	
fj_serial_empty	0	0	e3b0c44298fc1c149afbf4c8996fb92427ae41e4649b934ca495991b7852b855	
fj_serial_full	140	0	e3b0c44298fc1c149afbf4c8996fb92427ae41e4649b934ca495991b7852b855	
fj_serial_lo_above_hi	0	0	e3b0c44298fc1c149afbf4c8996fb92427ae41e4649b934ca495991b7852b855	
fj_serial_sub	29	0	e3b0c44298fc1c149afbf4c8996fb92427ae41e4649b934ca495991b7852b855	
fj_synth_name_unused	147	0	e3b0c44298fc1c149afbf4c8996fb92427ae41e4649b934ca495991b7852b855	
float_ieee	0	304	0af99ab48b77d2bf89f9d7b99f3ee0e46f8eb0b43b70119103f4931b1045d186	433333??????????????????UUUUUU??????????????????????????????
int_checked_ok	0	15	e75cd800bdfa4a286feec86af3ed4f3bd35d2727494a28c2628fafe8f416614c	42|1|42|1024|1|
int_fixture_p14	1	0	e3b0c44298fc1c149afbf4c8996fb92427ae41e4649b934ca495991b7852b855	
int_fixture_p16	2	0	e3b0c44298fc1c149afbf4c8996fb92427ae41e4649b934ca495991b7852b855	
int_fixture_p21	1	0	e3b0c44298fc1c149afbf4c8996fb92427ae41e4649b934ca495991b7852b855	
int_refuse_add	860	2	10159baf262b43a92d95db59dae1f72c645127301661e0a3ce4e38b295a97c58	7|
int_refuse_div0	862	0	e3b0c44298fc1c149afbf4c8996fb92427ae41e4649b934ca495991b7852b855	
int_refuse_mul	860	2	10159baf262b43a92d95db59dae1f72c645127301661e0a3ce4e38b295a97c58	7|
int_refuse_rem0	862	0	e3b0c44298fc1c149afbf4c8996fb92427ae41e4649b934ca495991b7852b855	
int_refuse_shl	860	2	10159baf262b43a92d95db59dae1f72c645127301661e0a3ce4e38b295a97c58	7|
int_refuse_sub	860	2	10159baf262b43a92d95db59dae1f72c645127301661e0a3ce4e38b295a97c58	7|
int_wrap_compare	0	24	92cd080da1e1fce4edfef1e0830d115aa2ecb45d5c85f859febcd39441b355e2	1|0|1|1|0|1|1|1|1|2|1|1|
maths	0	93	953b3501042eb431050e34768c564ce301f6b494dd0332cfbc2566d04f06bf2f	21|1|9|6|1|1|3628800|2432902008176640000|0|1|610|6765|0|1|9|
record_optional	0	6	be97d678fb1b7b9a5f1b45c9880d16d552df82a9cd92dfa770e719086c4262e1	97|97|
slice_compare	11	0	e3b0c44298fc1c149afbf4c8996fb92427ae41e4649b934ca495991b7852b855	
text_devanagari	0	57	f410c07379e594c6721709735dc53b132c697a53061e85fb14706d8630e1be0e	34|??????????????????????????????????|224|164|168|1|0|34|
