#	Akṣara cell widths — GENERATED by tools/measure_aksara_widths.py. Do not edit.
#
#	Model B (doc 04 D-04-A): an akṣara occupies ceil(advance / base_advance)
#	terminal cells, capped at 3. Shaped with HarfBuzz, so conjunct ligatures are
#	measured as the single glyph they render as, not as the sum of their parts.
#
#	font:   NotoSansDevanagari-Regular.ttf
#	sha256: 306b53ecfb182a504dd8a7446093c316387d2fd8dc350d0792ed1753fe0996cd
#	upem:   1000
#	cell:   1155 font units = 1 cell  (p75 of measured akṣara advances)
#	का ref: U+0915 क = 768 font units = 0.665 cells
#
#	This table is FONT-SPECIFIC (doc 04 §2.3). The terminal and every application
#	that aligns columns must agree on it, which is why it is a checked-in artifact
#	and exposed by syscall rather than recomputed per process.
#
#	measured 1536 akṣaras; 0 skipped (no glyph in this font)
#	span distribution: 1→1153  2→383
#	within cap 3: 1536/1536 = 100.00%
aksara	category	advance_units	ratio_to_base	cell_span
क	consonant	768	0.6649	1
ख	consonant	818	0.7082	1
ग	consonant	563	0.4874	1
घ	consonant	591	0.5117	1
ङ	consonant	637	0.5515	1
च	consonant	635	0.5498	1
छ	consonant	701	0.6069	1
ज	consonant	742	0.6424	1
झ	consonant	756	0.6545	1
ञ	consonant	742	0.6424	1
ट	consonant	504	0.4364	1
ठ	consonant	581	0.503	1
ड	consonant	535	0.4632	1
ढ	consonant	563	0.4874	1
ण	consonant	723	0.626	1
त	consonant	570	0.4935	1
थ	consonant	639	0.5532	1
द	consonant	531	0.4597	1
ध	consonant	615	0.5325	1
न	consonant	555	0.4805	1
प	consonant	568	0.4918	1
फ	consonant	771	0.6675	1
ब	consonant	571	0.4944	1
भ	consonant	703	0.6087	1
म	consonant	598	0.5177	1
य	consonant	580	0.5022	1
र	consonant	409	0.3541	1
ल	consonant	678	0.587	1
ळ	consonant	760	0.658	1
व	consonant	556	0.4814	1
श	consonant	680	0.5887	1
ष	consonant	578	0.5004	1
स	consonant	676	0.5853	1
ह	consonant	531	0.4597	1
अ	vowel	764	0.6615	1
आ	vowel	1022	0.8848	1
इ	vowel	491	0.4251	1
ई	vowel	491	0.4251	1
उ	vowel	548	0.4745	1
ऊ	vowel	785	0.6797	1
ऋ	vowel	853	0.7385	1
ऌ	vowel	699	0.6052	1
ऎ	vowel	553	0.4788	1
ए	vowel	553	0.4788	1
ऐ	vowel	553	0.4788	1
ऒ	vowel	1023	0.8857	1
ओ	vowel	1023	0.8857	1
औ	vowel	1023	0.8857	1
०	digit	520	0.4502	1
१	digit	520	0.4502	1
२	digit	520	0.4502	1
३	digit	520	0.4502	1
४	digit	520	0.4502	1
५	digit	520	0.4502	1
६	digit	520	0.4502	1
७	digit	520	0.4502	1
८	digit	520	0.4502	1
९	digit	520	0.4502	1
।	sign	379	0.3281	1
॥	sign	599	0.5186	1
॰	sign	426	0.3688	1
ॱ	sign	317	0.2745	1
ऽ	sign	467	0.4043	1
ॐ	sign	912	0.7896	1
का	consonant+matra	1027	0.8892	1
कि	consonant+matra	1027	0.8892	1
की	consonant+matra	1027	0.8892	1
कु	consonant+matra	768	0.6649	1
कू	consonant+matra	768	0.6649	1
कृ	consonant+matra	768	0.6649	1
कॄ	consonant+matra	768	0.6649	1
कॆ	consonant+matra	768	0.6649	1
के	consonant+matra	768	0.6649	1
कै	consonant+matra	768	0.6649	1
कॊ	consonant+matra	1027	0.8892	1
को	consonant+matra	1027	0.8892	1
कौ	consonant+matra	1027	0.8892	1
खा	consonant+matra	1077	0.9325	1
खि	consonant+matra	1077	0.9325	1
खी	consonant+matra	1077	0.9325	1
खु	consonant+matra	818	0.7082	1
खू	consonant+matra	818	0.7082	1
खृ	consonant+matra	818	0.7082	1
खॄ	consonant+matra	818	0.7082	1
खॆ	consonant+matra	818	0.7082	1
खे	consonant+matra	818	0.7082	1
खै	consonant+matra	818	0.7082	1
खॊ	consonant+matra	1077	0.9325	1
खो	consonant+matra	1077	0.9325	1
खौ	consonant+matra	1077	0.9325	1
गा	consonant+matra	822	0.7117	1
गि	consonant+matra	822	0.7117	1
गी	consonant+matra	822	0.7117	1
गु	consonant+matra	563	0.4874	1
गू	consonant+matra	563	0.4874	1
गृ	consonant+matra	563	0.4874	1
गॄ	consonant+matra	563	0.4874	1
गॆ	consonant+matra	563	0.4874	1
गे	consonant+matra	563	0.4874	1
गै	consonant+matra	563	0.4874	1
गॊ	consonant+matra	822	0.7117	1
गो	consonant+matra	822	0.7117	1
गौ	consonant+matra	822	0.7117	1
घा	consonant+matra	850	0.7359	1
घि	consonant+matra	850	0.7359	1
घी	consonant+matra	850	0.7359	1
घु	consonant+matra	591	0.5117	1
घू	consonant+matra	591	0.5117	1
घृ	consonant+matra	591	0.5117	1
घॄ	consonant+matra	591	0.5117	1
घॆ	consonant+matra	591	0.5117	1
घे	consonant+matra	591	0.5117	1
घै	consonant+matra	591	0.5117	1
घॊ	consonant+matra	850	0.7359	1
घो	consonant+matra	850	0.7359	1
घौ	consonant+matra	850	0.7359	1
ङा	consonant+matra	896	0.7758	1
ङि	consonant+matra	896	0.7758	1
ङी	consonant+matra	896	0.7758	1
ङु	consonant+matra	637	0.5515	1
ङू	consonant+matra	637	0.5515	1
ङृ	consonant+matra	637	0.5515	1
ङॄ	consonant+matra	637	0.5515	1
ङॆ	consonant+matra	637	0.5515	1
ङे	consonant+matra	637	0.5515	1
ङै	consonant+matra	637	0.5515	1
ङॊ	consonant+matra	896	0.7758	1
ङो	consonant+matra	896	0.7758	1
ङौ	consonant+matra	896	0.7758	1
चा	consonant+matra	894	0.774	1
चि	consonant+matra	894	0.774	1
ची	consonant+matra	894	0.774	1
चु	consonant+matra	635	0.5498	1
चू	consonant+matra	635	0.5498	1
चृ	consonant+matra	635	0.5498	1
चॄ	consonant+matra	635	0.5498	1
चॆ	consonant+matra	635	0.5498	1
चे	consonant+matra	635	0.5498	1
चै	consonant+matra	635	0.5498	1
चॊ	consonant+matra	894	0.774	1
चो	consonant+matra	894	0.774	1
चौ	consonant+matra	894	0.774	1
छा	consonant+matra	960	0.8312	1
छि	consonant+matra	960	0.8312	1
छी	consonant+matra	960	0.8312	1
छु	consonant+matra	701	0.6069	1
छू	consonant+matra	701	0.6069	1
छृ	consonant+matra	701	0.6069	1
छॄ	consonant+matra	701	0.6069	1
छॆ	consonant+matra	701	0.6069	1
छे	consonant+matra	701	0.6069	1
छै	consonant+matra	701	0.6069	1
छॊ	consonant+matra	960	0.8312	1
छो	consonant+matra	960	0.8312	1
छौ	consonant+matra	960	0.8312	1
जा	consonant+matra	1001	0.8667	1
जि	consonant+matra	1001	0.8667	1
जी	consonant+matra	1001	0.8667	1
जु	consonant+matra	742	0.6424	1
जू	consonant+matra	742	0.6424	1
जृ	consonant+matra	742	0.6424	1
जॄ	consonant+matra	742	0.6424	1
जॆ	consonant+matra	742	0.6424	1
जे	consonant+matra	742	0.6424	1
जै	consonant+matra	742	0.6424	1
जॊ	consonant+matra	1001	0.8667	1
जो	consonant+matra	1001	0.8667	1
जौ	consonant+matra	1001	0.8667	1
झा	consonant+matra	1015	0.8788	1
झि	consonant+matra	1015	0.8788	1
झी	consonant+matra	1015	0.8788	1
झु	consonant+matra	756	0.6545	1
झू	consonant+matra	756	0.6545	1
झृ	consonant+matra	756	0.6545	1
झॄ	consonant+matra	756	0.6545	1
झॆ	consonant+matra	756	0.6545	1
झे	consonant+matra	756	0.6545	1
झै	consonant+matra	756	0.6545	1
झॊ	consonant+matra	1015	0.8788	1
झो	consonant+matra	1015	0.8788	1
झौ	consonant+matra	1015	0.8788	1
ञा	consonant+matra	1001	0.8667	1
ञि	consonant+matra	1001	0.8667	1
ञी	consonant+matra	1001	0.8667	1
ञु	consonant+matra	742	0.6424	1
ञू	consonant+matra	742	0.6424	1
ञृ	consonant+matra	742	0.6424	1
ञॄ	consonant+matra	742	0.6424	1
ञॆ	consonant+matra	742	0.6424	1
ञे	consonant+matra	742	0.6424	1
ञै	consonant+matra	742	0.6424	1
ञॊ	consonant+matra	1001	0.8667	1
ञो	consonant+matra	1001	0.8667	1
ञौ	consonant+matra	1001	0.8667	1
टा	consonant+matra	763	0.6606	1
टि	consonant+matra	763	0.6606	1
टी	consonant+matra	763	0.6606	1
टु	consonant+matra	504	0.4364	1
टू	consonant+matra	504	0.4364	1
टृ	consonant+matra	504	0.4364	1
टॄ	consonant+matra	504	0.4364	1
टॆ	consonant+matra	504	0.4364	1
टे	consonant+matra	504	0.4364	1
टै	consonant+matra	504	0.4364	1
टॊ	consonant+matra	763	0.6606	1
टो	consonant+matra	763	0.6606	1
टौ	consonant+matra	763	0.6606	1
ठा	consonant+matra	840	0.7273	1
ठि	consonant+matra	840	0.7273	1
ठी	consonant+matra	840	0.7273	1
ठु	consonant+matra	581	0.503	1
ठू	consonant+matra	581	0.503	1
ठृ	consonant+matra	581	0.503	1
ठॄ	consonant+matra	581	0.503	1
ठॆ	consonant+matra	581	0.503	1
ठे	consonant+matra	581	0.503	1
ठै	consonant+matra	581	0.503	1
ठॊ	consonant+matra	840	0.7273	1
ठो	consonant+matra	840	0.7273	1
ठौ	consonant+matra	840	0.7273	1
कँ	consonant+mark	768	0.6649	1
कं	consonant+mark	768	0.6649	1
कः	consonant+mark	970	0.8398	1
खँ	consonant+mark	818	0.7082	1
खं	consonant+mark	818	0.7082	1
खः	consonant+mark	1020	0.8831	1
गँ	consonant+mark	563	0.4874	1
गं	consonant+mark	563	0.4874	1
गः	consonant+mark	765	0.6623	1
घँ	consonant+mark	591	0.5117	1
घं	consonant+mark	591	0.5117	1
घः	consonant+mark	793	0.6866	1
ङँ	consonant+mark	637	0.5515	1
ङं	consonant+mark	637	0.5515	1
ङः	consonant+mark	839	0.7264	1
चँ	consonant+mark	635	0.5498	1
चं	consonant+mark	635	0.5498	1
चः	consonant+mark	837	0.7247	1
छँ	consonant+mark	701	0.6069	1
छं	consonant+mark	701	0.6069	1
छः	consonant+mark	903	0.7818	1
जँ	consonant+mark	742	0.6424	1
जं	consonant+mark	742	0.6424	1
जः	consonant+mark	944	0.8173	1
झँ	consonant+mark	756	0.6545	1
झं	consonant+mark	756	0.6545	1
झः	consonant+mark	958	0.8294	1
ञँ	consonant+mark	742	0.6424	1
ञं	consonant+mark	742	0.6424	1
ञः	consonant+mark	944	0.8173	1
टँ	consonant+mark	504	0.4364	1
टं	consonant+mark	504	0.4364	1
टः	consonant+mark	706	0.6113	1
ठँ	consonant+mark	581	0.503	1
ठं	consonant+mark	581	0.503	1
ठः	consonant+mark	783	0.6779	1
क्	dead	768	0.6649	1
ख्	dead	818	0.7082	1
ग्	dead	563	0.4874	1
घ्	dead	591	0.5117	1
ङ्	dead	637	0.5515	1
च्	dead	635	0.5498	1
छ्	dead	701	0.6069	1
ज्	dead	742	0.6424	1
झ्	dead	756	0.6545	1
ञ्	dead	742	0.6424	1
ट्	dead	504	0.4364	1
ठ्	dead	581	0.503	1
ड्	dead	535	0.4632	1
ढ्	dead	563	0.4874	1
ण्	dead	723	0.626	1
त्	dead	570	0.4935	1
थ्	dead	639	0.5532	1
द्	dead	531	0.4597	1
ध्	dead	615	0.5325	1
न्	dead	555	0.4805	1
प्	dead	568	0.4918	1
फ्	dead	771	0.6675	1
ब्	dead	571	0.4944	1
भ्	dead	703	0.6087	1
म्	dead	598	0.5177	1
य्	dead	580	0.5022	1
र्	dead	409	0.3541	1
ल्	dead	678	0.587	1
ळ्	dead	760	0.658	1
व्	dead	556	0.4814	1
श्	dead	680	0.5887	1
ष्	dead	578	0.5004	1
स्	dead	676	0.5853	1
ह्	dead	531	0.4597	1
क्क	conjunct2	1313	1.1368	2
क्ख	conjunct2	1357	1.1749	2
क्ग	conjunct2	1172	1.0147	2
क्घ	conjunct2	1200	1.039	2
क्ङ	conjunct2	1246	1.0788	2
क्च	conjunct2	1209	1.0468	2
क्छ	conjunct2	1310	1.1342	2
क्ज	conjunct2	1287	1.1143	2
क्झ	conjunct2	1306	1.1307	2
क्ञ	conjunct2	1351	1.1697	2
क्ट	conjunct2	1049	0.9082	1
क्ठ	conjunct2	1190	1.0303	2
क्ड	conjunct2	1144	0.9905	1
क्ढ	conjunct2	1172	1.0147	2
क्ण	conjunct2	1273	1.1022	2
क्त	conjunct2	1106	0.9576	1
क्थ	conjunct2	1248	1.0805	2
क्द	conjunct2	1096	0.9489	1
क्ध	conjunct2	1224	1.0597	2
क्न	conjunct2	1103	0.955	1
क्प	conjunct2	1118	0.968	1
क्फ	conjunct2	1321	1.1437	2
क्ब	conjunct2	1180	1.0216	2
क्भ	conjunct2	1312	1.1359	2
क्म	conjunct2	1174	1.0165	2
क्य	conjunct2	1115	0.9654	1
क्र	conjunct2	768	0.6649	1
क्ल	conjunct2	1223	1.0589	2
क्ळ	conjunct2	1369	1.1853	2
क्व	conjunct2	1101	0.9532	1
क्श	conjunct2	1263	1.0935	2
क्ष	conjunct2	717	0.6208	1
क्स	conjunct2	1215	1.0519	2
क्ह	conjunct2	1140	0.987	1
ख्क	conjunct2	1416	1.226	2
ख्ख	conjunct2	1398	1.2104	2
ख्ग	conjunct2	1211	1.0485	2
ख्घ	conjunct2	1239	1.0727	2
ख्ङ	conjunct2	1285	1.1126	2
ख्च	conjunct2	1283	1.1108	2
ख्छ	conjunct2	1349	1.168	2
ख्ज	conjunct2	1390	1.2035	2
ख्झ	conjunct2	1404	1.2156	2
ख्ञ	conjunct2	1390	1.2035	2
ख्ट	conjunct2	1152	0.9974	1
ख्ठ	conjunct2	1229	1.0641	2
ख्ड	conjunct2	1183	1.0242	2
ख्ढ	conjunct2	1211	1.0485	2
ख्ण	conjunct2	1371	1.187	2
ख्त	conjunct2	1129	0.9775	1
ख्थ	conjunct2	1287	1.1143	2
ख्द	conjunct2	1179	1.0208	2
ख्ध	conjunct2	1263	1.0935	2
ख्न	conjunct2	1147	0.9931	1
ख्प	conjunct2	1216	1.0528	2
ख्फ	conjunct2	1419	1.2286	2
ख्ब	conjunct2	1219	1.0554	2
ख्भ	conjunct2	1351	1.1697	2
ख्म	conjunct2	1192	1.032	2
ख्य	conjunct2	1165	1.0087	2
ख्र	conjunct2	819	0.7091	1
ख्ल	conjunct2	1326	1.1481	2
ख्ळ	conjunct2	1408	1.219	2
ख्व	conjunct2	1145	0.9913	1
ख्श	conjunct2	1278	1.1065	2
ख्ष	conjunct2	1226	1.0615	2
ख्स	conjunct2	1256	1.0874	2
ख्ह	conjunct2	1179	1.0208	2
ग्क	conjunct2	1049	0.9082	1
ग्ख	conjunct2	1099	0.9515	1
ग्ग	conjunct2	844	0.7307	1
ग्घ	conjunct2	872	0.755	1
ग्ङ	conjunct2	918	0.7948	1
ग्च	conjunct2	916	0.7931	1
ग्छ	conjunct2	982	0.8502	1
ग्ज	conjunct2	1012	0.8762	1
ग्झ	conjunct2	1037	0.8978	1
ग्ञ	conjunct2	1023	0.8857	1
ग्ट	conjunct2	785	0.6797	1
ग्ठ	conjunct2	862	0.7463	1
ग्ड	conjunct2	816	0.7065	1
ग्ढ	conjunct2	844	0.7307	1
ग्ण	conjunct2	1004	0.8693	1
ग्त	conjunct2	851	0.7368	1
ग्थ	conjunct2	920	0.7965	1
ग्द	conjunct2	812	0.703	1
ग्ध	conjunct2	896	0.7758	1
ग्न	conjunct2	836	0.7238	1
ग्प	conjunct2	849	0.7351	1
ग्फ	conjunct2	1052	0.9108	1
ग्ब	conjunct2	852	0.7377	1
ग्भ	conjunct2	984	0.8519	1
ग्म	conjunct2	879	0.761	1
ग्य	conjunct2	861	0.7455	1
ग्र	conjunct2	564	0.4883	1
ग्ल	conjunct2	959	0.8303	1
ग्ळ	conjunct2	1041	0.9013	1
ग्व	conjunct2	837	0.7247	1
ग्श	conjunct2	961	0.832	1
ग्ष	conjunct2	859	0.7437	1
ग्स	conjunct2	957	0.8286	1
ग्ह	conjunct2	812	0.703	1
घ्क	conjunct2	1119	0.9688	1
घ्ख	conjunct2	1169	1.0121	2
घ्ग	conjunct2	914	0.7913	1
घ्घ	conjunct2	942	0.8156	1
घ्ङ	conjunct2	988	0.8554	1
घ्च	conjunct2	986	0.8537	1
घ्छ	conjunct2	1052	0.9108	1
घ्ज	conjunct2	1093	0.9463	1
घ्झ	conjunct2	1107	0.9584	1
घ्ञ	conjunct2	1093	0.9463	1
घ्ट	conjunct2	855	0.7403	1
घ्ठ	conjunct2	932	0.8069	1
घ्ड	conjunct2	886	0.7671	1
घ्ढ	conjunct2	914	0.7913	1
घ्ण	conjunct2	1074	0.9299	1
घ्त	conjunct2	921	0.7974	1
घ्थ	conjunct2	990	0.8571	1
घ्द	conjunct2	882	0.7636	1
घ्ध	conjunct2	966	0.8364	1
घ्न	conjunct2	906	0.7844	1
घ्प	conjunct2	919	0.7957	1
घ्फ	conjunct2	1122	0.9714	1
घ्ब	conjunct2	922	0.7983	1
घ्भ	conjunct2	1054	0.9126	1
घ्म	conjunct2	949	0.8216	1
घ्य	conjunct2	912	0.7896	1
घ्र	conjunct2	591	0.5117	1
घ्ल	conjunct2	1029	0.8909	1
घ्ळ	conjunct2	1111	0.9619	1
घ्व	conjunct2	907	0.7853	1
घ्श	conjunct2	1031	0.8926	1
घ्ष	conjunct2	929	0.8043	1
घ्स	conjunct2	1027	0.8892	1
घ्ह	conjunct2	882	0.7636	1
ङ्क	conjunct2	633	0.5481	1
ङ्ख	conjunct2	633	0.5481	1
ङ्ग	conjunct2	633	0.5481	1
ङ्घ	conjunct2	633	0.5481	1
ङ्ङ	conjunct2	1274	1.103	2
ङ्च	conjunct2	1272	1.1013	2
ङ्छ	conjunct2	1338	1.1584	2
ङ्ज	conjunct2	1379	1.1939	2
ङ्झ	conjunct2	1393	1.2061	2
ङ्ञ	conjunct2	1379	1.1939	2
ङ्ट	conjunct2	1141	0.9879	1
ङ्ठ	conjunct2	1218	1.0545	2
ङ्ड	conjunct2	1172	1.0147	2
ङ्ढ	conjunct2	1200	1.039	2
ङ्ण	conjunct2	1360	1.1775	2
ङ्त	conjunct2	1207	1.045	2
ङ्थ	conjunct2	1276	1.1048	2
ङ्द	conjunct2	1168	1.0113	2
ङ्ध	conjunct2	1252	1.084	2
ङ्न	conjunct2	1192	1.032	2
ङ्प	conjunct2	1205	1.0433	2
ङ्फ	conjunct2	1408	1.219	2
ङ्ब	conjunct2	1208	1.0459	2
ङ्भ	conjunct2	1340	1.1602	2
ङ्म	conjunct2	633	0.5481	1
ङ्य	conjunct2	1190	1.0303	2
ङ्र	conjunct2	637	0.5515	1
ङ्ल	conjunct2	1315	1.1385	2
ङ्ळ	conjunct2	1397	1.2095	2
ङ्व	conjunct2	1193	1.0329	2
ङ्श	conjunct2	1317	1.1403	2
ङ्ष	conjunct2	1215	1.0519	2
ङ्स	conjunct2	1313	1.1368	2
ङ्ह	conjunct2	1168	1.0113	2
च्क	conjunct2	1157	1.0017	2
च्ख	conjunct2	1214	1.0511	2
च्ग	conjunct2	959	0.8303	1
च्घ	conjunct2	987	0.8545	1
च्ङ	conjunct2	1033	0.8944	1
च्च	conjunct2	1012	0.8762	1
च्छ	conjunct2	1069	0.9255	1
च्ज	conjunct2	1138	0.9853	1
च्झ	conjunct2	1152	0.9974	1
च्ञ	conjunct2	1138	0.9853	1
च्ट	conjunct2	900	0.7792	1
च्ठ	conjunct2	977	0.8459	1
च्ड	conjunct2	931	0.8061	1
च्ढ	conjunct2	959	0.8303	1
च्ण	conjunct2	1119	0.9688	1
च्त	conjunct2	966	0.8364	1
च्थ	conjunct2	1035	0.8961	1
च्द	conjunct2	927	0.8026	1
च्ध	conjunct2	1011	0.8753	1
च्न	conjunct2	951	0.8234	1
च्प	conjunct2	964	0.8346	1
च्फ	conjunct2	1167	1.0104	2
च्ब	conjunct2	967	0.8372	1
च्भ	conjunct2	1099	0.9515	1
च्म	conjunct2	994	0.8606	1
च्य	conjunct2	976	0.845	1
च्र	conjunct2	635	0.5498	1
च्ल	conjunct2	1074	0.9299	1
च्ळ	conjunct2	1156	1.0009	2
च्व	conjunct2	952	0.8242	1
च्श	conjunct2	1076	0.9316	1
च्ष	conjunct2	974	0.8433	1
च्स	conjunct2	1066	0.9229	1
च्ह	conjunct2	927	0.8026	1
छ्क	conjunct2	1469	1.2719	2
छ्ख	conjunct2	1519	1.3152	2
छ्ग	conjunct2	1264	1.0944	2
छ्घ	conjunct2	1292	1.1186	2
छ्ङ	conjunct2	1338	1.1584	2
छ्च	conjunct2	1336	1.1567	2
छ्छ	conjunct2	1402	1.2139	2
छ्ज	conjunct2	1443	1.2494	2
छ्झ	conjunct2	1457	1.2615	2
छ्ञ	conjunct2	1443	1.2494	2
छ्ट	conjunct2	1205	1.0433	2
छ्ठ	conjunct2	1282	1.11	2
छ्ड	conjunct2	1236	1.0701	2
छ्ढ	conjunct2	1264	1.0944	2
छ्ण	conjunct2	1424	1.2329	2
छ्त	conjunct2	1271	1.1004	2
छ्थ	conjunct2	1340	1.1602	2
छ्द	conjunct2	1232	1.0667	2
छ्ध	conjunct2	1316	1.1394	2
छ्न	conjunct2	1256	1.0874	2
छ्प	conjunct2	1269	1.0987	2
छ्फ	conjunct2	1472	1.2745	2
छ्ब	conjunct2	1272	1.1013	2
छ्भ	conjunct2	1404	1.2156	2
छ्म	conjunct2	1299	1.1247	2
छ्य	conjunct2	1251	1.0831	2
छ्र	conjunct2	701	0.6069	1
छ्ल	conjunct2	1379	1.1939	2
छ्ळ	conjunct2	1461	1.2649	2
छ्व	conjunct2	702	0.6078	1
छ्श	conjunct2	1381	1.1957	2
छ्ष	conjunct2	1279	1.1074	2
छ्स	conjunct2	1377	1.1922	2
छ्ह	conjunct2	1232	1.0667	2
ज्क	conjunct2	1340	1.1602	2
ज्ख	conjunct2	1390	1.2035	2
ज्ग	conjunct2	1135	0.9827	1
ज्घ	conjunct2	1163	1.0069	2
ज्ङ	conjunct2	1209	1.0468	2
ज्च	conjunct2	1207	1.045	2
ज्छ	conjunct2	1273	1.1022	2
ज्ज	conjunct2	1314	1.1377	2
ज्झ	conjunct2	1328	1.1498	2
ज्ञ	conjunct2	641	0.555	1
ज्ट	conjunct2	1076	0.9316	1
ज्ठ	conjunct2	1153	0.9983	1
ज्ड	conjunct2	1107	0.9584	1
ज्ढ	conjunct2	1135	0.9827	1
ज्ण	conjunct2	1295	1.1212	2
ज्त	conjunct2	1142	0.9887	1
ज्थ	conjunct2	1211	1.0485	2
ज्द	conjunct2	1103	0.955	1
ज्ध	conjunct2	1187	1.0277	2
ज्न	conjunct2	1127	0.9758	1
ज्प	conjunct2	1140	0.987	1
ज्फ	conjunct2	1343	1.1628	2
ज्ब	conjunct2	1143	0.9896	1
ज्भ	conjunct2	1275	1.1039	2
ज्म	conjunct2	1170	1.013	2
ज्य	conjunct2	1152	0.9974	1
ज्र	conjunct2	747	0.6468	1
ज्ल	conjunct2	1250	1.0823	2
ज्ळ	conjunct2	1332	1.1532	2
ज्व	conjunct2	1128	0.9766	1
ज्श	conjunct2	1252	1.084	2
ज्ष	conjunct2	1150	0.9957	1
ज्स	conjunct2	1248	1.0805	2
ज्ह	conjunct2	1103	0.955	1
झ्क	conjunct2	1265	1.0952	2
झ्ख	conjunct2	1315	1.1385	2
झ्ग	conjunct2	1060	0.9177	1
झ्घ	conjunct2	1088	0.942	1
झ्ङ	conjunct2	1134	0.9818	1
झ्च	conjunct2	1132	0.9801	1
झ्छ	conjunct2	1198	1.0372	2
झ्ज	conjunct2	1239	1.0727	2
झ्झ	conjunct2	1253	1.0848	2
झ्ञ	conjunct2	1239	1.0727	2
झ्ट	conjunct2	1001	0.8667	1
झ्ठ	conjunct2	1078	0.9333	1
झ्ड	conjunct2	1032	0.8935	1
झ्ढ	conjunct2	1060	0.9177	1
झ्ण	conjunct2	1220	1.0563	2
झ्त	conjunct2	1067	0.9238	1
झ्थ	conjunct2	1136	0.9835	1
झ्द	conjunct2	1028	0.89	1
झ्ध	conjunct2	1112	0.9628	1
झ्न	conjunct2	1052	0.9108	1
झ्प	conjunct2	1065	0.9221	1
झ्फ	conjunct2	1268	1.0978	2
झ्ब	conjunct2	1068	0.9247	1
झ्भ	conjunct2	1200	1.039	2
झ्म	conjunct2	1095	0.9481	1
झ्य	conjunct2	1077	0.9325	1
झ्र	conjunct2	818	0.7082	1
झ्ल	conjunct2	1175	1.0173	2
झ्ळ	conjunct2	1257	1.0883	2
झ्व	conjunct2	1053	0.9117	1
झ्श	conjunct2	1177	1.019	2
झ्ष	conjunct2	1075	0.9307	1
झ्स	conjunct2	1173	1.0156	2
झ्ह	conjunct2	1028	0.89	1
ञ्क	conjunct2	1298	1.1238	2
ञ्ख	conjunct2	1348	1.1671	2
ञ्ग	conjunct2	1093	0.9463	1
ञ्घ	conjunct2	1121	0.9706	1
ञ्ङ	conjunct2	1167	1.0104	2
ञ्च	conjunct2	1122	0.9714	1
ञ्छ	conjunct2	1195	1.0346	2
ञ्ज	conjunct2	1242	1.0753	2
ञ्झ	conjunct2	1286	1.1134	2
ञ्ञ	conjunct2	1228	1.0632	2
ञ्ट	conjunct2	1034	0.8952	1
ञ्ठ	conjunct2	1111	0.9619	1
ञ्ड	conjunct2	1065	0.9221	1
ञ्ढ	conjunct2	1093	0.9463	1
ञ्ण	conjunct2	1253	1.0848	2
ञ्त	conjunct2	1100	0.9524	1
ञ्थ	conjunct2	1169	1.0121	2
ञ्द	conjunct2	1061	0.9186	1
ञ्ध	conjunct2	1145	0.9913	1
ञ्न	conjunct2	1085	0.9394	1
ञ्प	conjunct2	1098	0.9506	1
ञ्फ	conjunct2	1301	1.1264	2
ञ्ब	conjunct2	1101	0.9532	1
ञ्भ	conjunct2	1233	1.0675	2
ञ्म	conjunct2	1128	0.9766	1
ञ्य	conjunct2	1100	0.9524	1
ञ्र	conjunct2	772	0.6684	1
ञ्ल	conjunct2	1208	1.0459	2
ञ्ळ	conjunct2	1290	1.1169	2
ञ्व	conjunct2	1086	0.9403	1
ञ्श	conjunct2	1220	1.0563	2
ञ्ष	conjunct2	1108	0.9593	1
ञ्स	conjunct2	1206	1.0442	2
ञ्ह	conjunct2	1061	0.9186	1
ट्क	conjunct2	1272	1.1013	2
ट्ख	conjunct2	1322	1.1446	2
ट्ग	conjunct2	1067	0.9238	1
ट्घ	conjunct2	1095	0.9481	1
ट्ङ	conjunct2	1141	0.9879	1
ट्च	conjunct2	1139	0.9861	1
ट्छ	conjunct2	1205	1.0433	2
ट्ज	conjunct2	1246	1.0788	2
ट्झ	conjunct2	1260	1.0909	2
ट्ञ	conjunct2	1246	1.0788	2
ट्ट	conjunct2	489	0.4234	1
ट्ठ	conjunct2	489	0.4234	1
ट्ड	conjunct2	1039	0.8996	1
ट्ढ	conjunct2	1067	0.9238	1
ट्ण	conjunct2	1227	1.0623	2
ट्त	conjunct2	1074	0.9299	1
ट्थ	conjunct2	1143	0.9896	1
ट्द	conjunct2	1035	0.8961	1
ट्ध	conjunct2	1119	0.9688	1
ट्न	conjunct2	1059	0.9169	1
ट्प	conjunct2	1072	0.9281	1
ट्फ	conjunct2	1275	1.1039	2
ट्ब	conjunct2	1075	0.9307	1
ट्भ	conjunct2	1207	1.045	2
ट्म	conjunct2	1102	0.9541	1
ट्य	conjunct2	1015	0.8788	1
ट्र	conjunct2	504	0.4364	1
ट्ल	conjunct2	1182	1.0234	2
ट्ळ	conjunct2	1264	1.0944	2
ट्व	conjunct2	1060	0.9177	1
ट्श	conjunct2	1184	1.0251	2
ट्ष	conjunct2	1082	0.9368	1
ट्स	conjunct2	1180	1.0216	2
ट्ह	conjunct2	1035	0.8961	1
ठ्क	conjunct2	1349	1.168	2
ठ्ख	conjunct2	1399	1.2113	2
ठ्ग	conjunct2	1144	0.9905	1
ठ्घ	conjunct2	1172	1.0147	2
ठ्ङ	conjunct2	1218	1.0545	2
ठ्च	conjunct2	1216	1.0528	2
ठ्छ	conjunct2	1282	1.11	2
ठ्ज	conjunct2	1323	1.1455	2
ठ्झ	conjunct2	1337	1.1576	2
ठ्ञ	conjunct2	1323	1.1455	2
ठ्ट	conjunct2	1085	0.9394	1
ठ्ठ	conjunct2	571	0.4944	1
ठ्ड	conjunct2	1116	0.9662	1
ठ्ढ	conjunct2	1144	0.9905	1
ठ्ण	conjunct2	1304	1.129	2
ठ्त	conjunct2	1151	0.9965	1
ठ्थ	conjunct2	1220	1.0563	2
ठ्द	conjunct2	1112	0.9628	1
ठ्ध	conjunct2	1196	1.0355	2
ठ्न	conjunct2	1136	0.9835	1
ठ्प	conjunct2	1149	0.9948	1
ठ्फ	conjunct2	1352	1.1706	2
ठ्ब	conjunct2	1152	0.9974	1
ठ्भ	conjunct2	1284	1.1117	2
ठ्म	conjunct2	1179	1.0208	2
ठ्य	conjunct2	1129	0.9775	1
ठ्र	conjunct2	581	0.503	1
ठ्ल	conjunct2	1259	1.09	2
ठ्ळ	conjunct2	1341	1.161	2
ठ्व	conjunct2	1137	0.9844	1
ठ्श	conjunct2	1261	1.0918	2
ठ्ष	conjunct2	1159	1.0035	2
ठ्स	conjunct2	1257	1.0883	2
ठ्ह	conjunct2	1112	0.9628	1
ड्क	conjunct2	1303	1.1281	2
ड्ख	conjunct2	1353	1.1714	2
ड्ग	conjunct2	1098	0.9506	1
ड्घ	conjunct2	1126	0.9749	1
ड्ङ	conjunct2	1172	1.0147	2
ड्च	conjunct2	1170	1.013	2
ड्छ	conjunct2	1236	1.0701	2
ड्ज	conjunct2	1277	1.1056	2
ड्झ	conjunct2	1291	1.1177	2
ड्ञ	conjunct2	1277	1.1056	2
ड्ट	conjunct2	1039	0.8996	1
ड्ठ	conjunct2	1116	0.9662	1
ड्ड	conjunct2	542	0.4693	1
ड्ढ	conjunct2	542	0.4693	1
ड्ण	conjunct2	1258	1.0892	2
ड्त	conjunct2	1105	0.9567	1
ड्थ	conjunct2	1174	1.0165	2
ड्द	conjunct2	1066	0.9229	1
ड्ध	conjunct2	1150	0.9957	1
ड्न	conjunct2	1090	0.9437	1
ड्प	conjunct2	1103	0.955	1
ड्फ	conjunct2	1306	1.1307	2
ड्ब	conjunct2	1106	0.9576	1
ड्भ	conjunct2	1238	1.0719	2
ड्म	conjunct2	1133	0.981	1
ड्य	conjunct2	1087	0.9411	1
ड्र	conjunct2	535	0.4632	1
ड्ल	conjunct2	1213	1.0502	2
ड्ळ	conjunct2	1295	1.1212	2
ड्व	conjunct2	1091	0.9446	1
ड्श	conjunct2	1215	1.0519	2
ड्ष	conjunct2	1113	0.9636	1
ड्स	conjunct2	1211	1.0485	2
ड्ह	conjunct2	1066	0.9229	1
ढ्क	conjunct2	1331	1.1524	2
ढ्ख	conjunct2	1381	1.1957	2
ढ्ग	conjunct2	1126	0.9749	1
ढ्घ	conjunct2	1154	0.9991	1
ढ्ङ	conjunct2	1200	1.039	2
ढ्च	conjunct2	1198	1.0372	2
ढ्छ	conjunct2	1264	1.0944	2
ढ्ज	conjunct2	1305	1.1299	2
ढ्झ	conjunct2	1319	1.142	2
ढ्ञ	conjunct2	1305	1.1299	2
ढ्ट	conjunct2	1067	0.9238	1
ढ्ठ	conjunct2	1144	0.9905	1
ढ्ड	conjunct2	1098	0.9506	1
ढ्ढ	conjunct2	554	0.4797	1
ढ्ण	conjunct2	1286	1.1134	2
ढ्त	conjunct2	1133	0.981	1
ढ्थ	conjunct2	1202	1.0407	2
ढ्द	conjunct2	1094	0.9472	1
ढ्ध	conjunct2	1178	1.0199	2
ढ्न	conjunct2	1118	0.968	1
ढ्प	conjunct2	1131	0.9792	1
ढ्फ	conjunct2	1334	1.155	2
ढ्ब	conjunct2	1134	0.9818	1
ढ्भ	conjunct2	1266	1.0961	2
ढ्म	conjunct2	1161	1.0052	2
ढ्य	conjunct2	1108	0.9593	1
ढ्र	conjunct2	563	0.4874	1
ढ्ल	conjunct2	1241	1.0745	2
ढ्ळ	conjunct2	1323	1.1455	2
ढ्व	conjunct2	1119	0.9688	1
ढ्श	conjunct2	1243	1.0762	2
ढ्ष	conjunct2	1141	0.9879	1
ढ्स	conjunct2	1239	1.0727	2
ढ्ह	conjunct2	1094	0.9472	1
ण्क	conjunct2	1243	1.0762	2
ण्ख	conjunct2	1293	1.1195	2
ण्ग	conjunct2	1038	0.8987	1
ण्घ	conjunct2	1066	0.9229	1
ण्ङ	conjunct2	1112	0.9628	1
ण्च	conjunct2	1110	0.961	1
ण्छ	conjunct2	1176	1.0182	2
ण्ज	conjunct2	1217	1.0537	2
ण्झ	conjunct2	1231	1.0658	2
ण्ञ	conjunct2	1217	1.0537	2
ण्ट	conjunct2	968	0.8381	1
ण्ठ	conjunct2	1045	0.9048	1
ण्ड	conjunct2	1010	0.8745	1
ण्ढ	conjunct2	1027	0.8892	1
ण्ण	conjunct2	1198	1.0372	2
ण्त	conjunct2	1045	0.9048	1
ण्थ	conjunct2	1114	0.9645	1
ण्द	conjunct2	1006	0.871	1
ण्ध	conjunct2	1090	0.9437	1
ण्न	conjunct2	1030	0.8918	1
ण्प	conjunct2	1043	0.903	1
ण्फ	conjunct2	1246	1.0788	2
ण्ब	conjunct2	1046	0.9056	1
ण्भ	conjunct2	1178	1.0199	2
ण्म	conjunct2	1073	0.929	1
ण्य	conjunct2	1055	0.9134	1
ण्र	conjunct2	723	0.626	1
ण्ल	conjunct2	1153	0.9983	1
ण्ळ	conjunct2	1235	1.0693	2
ण्व	conjunct2	1031	0.8926	1
ण्श	conjunct2	1155	1.0	1
ण्ष	conjunct2	1053	0.9117	1
ण्स	conjunct2	1151	0.9965	1
ण्ह	conjunct2	1006	0.871	1
त्क	conjunct2	1038	0.8987	1
त्ख	conjunct2	1098	0.9506	1
त्ग	conjunct2	912	0.7896	1
त्घ	conjunct2	940	0.8139	1
त्ङ	conjunct2	986	0.8537	1
त्च	conjunct2	964	0.8346	1
त्छ	conjunct2	1050	0.9091	1
त्ज	conjunct2	1032	0.8935	1
त्झ	conjunct2	1105	0.9567	1
त्ञ	conjunct2	1091	0.9446	1
त्ट	conjunct2	853	0.7385	1
त्ठ	conjunct2	930	0.8052	1
त्ड	conjunct2	884	0.7654	1
त्ढ	conjunct2	912	0.7896	1
त्ण	conjunct2	1072	0.9281	1
त्त	conjunct2	691	0.5983	1
त्थ	conjunct2	968	0.8381	1
त्द	conjunct2	822	0.7117	1
त्ध	conjunct2	964	0.8346	1
त्न	conjunct2	862	0.7463	1
त्प	conjunct2	808	0.6996	1
त्फ	conjunct2	1061	0.9186	1
त्ब	conjunct2	860	0.7446	1
त्भ	conjunct2	1052	0.9108	1
त्म	conjunct2	879	0.761	1
त्य	conjunct2	870	0.7532	1
त्र	conjunct2	552	0.4779	1
त्ल	conjunct2	959	0.8303	1
त्ळ	conjunct2	1109	0.9602	1
त्व	conjunct2	821	0.7108	1
त्श	conjunct2	1029	0.8909	1
त्ष	conjunct2	818	0.7082	1
त्स	conjunct2	962	0.8329	1
त्ह	conjunct2	880	0.7619	1
थ्क	conjunct2	1154	0.9991	1
थ्ख	conjunct2	1204	1.0424	2
थ्ग	conjunct2	949	0.8216	1
थ्घ	conjunct2	977	0.8459	1
थ्ङ	conjunct2	1023	0.8857	1
थ्च	conjunct2	1021	0.884	1
थ्छ	conjunct2	1087	0.9411	1
थ्ज	conjunct2	1128	0.9766	1
थ्झ	conjunct2	1142	0.9887	1
थ्ञ	conjunct2	1128	0.9766	1
थ्ट	conjunct2	890	0.7706	1
थ्ठ	conjunct2	967	0.8372	1
थ्ड	conjunct2	921	0.7974	1
थ्ढ	conjunct2	949	0.8216	1
थ्ण	conjunct2	1109	0.9602	1
थ्त	conjunct2	956	0.8277	1
थ्थ	conjunct2	1025	0.8874	1
थ्द	conjunct2	917	0.7939	1
थ्ध	conjunct2	1001	0.8667	1
थ्न	conjunct2	941	0.8147	1
थ्प	conjunct2	954	0.826	1
थ्फ	conjunct2	1157	1.0017	2
थ्ब	conjunct2	957	0.8286	1
थ्भ	conjunct2	1089	0.9429	1
थ्म	conjunct2	984	0.8519	1
थ्य	conjunct2	966	0.8364	1
थ्र	conjunct2	639	0.5532	1
थ्ल	conjunct2	1064	0.9212	1
थ्ळ	conjunct2	1146	0.9922	1
थ्व	conjunct2	942	0.8156	1
थ्श	conjunct2	1066	0.9229	1
थ्ष	conjunct2	964	0.8346	1
थ्स	conjunct2	1062	0.9195	1
थ्ह	conjunct2	917	0.7939	1
द्क	conjunct2	1299	1.1247	2
द्ख	conjunct2	1349	1.168	2
द्ग	conjunct2	533	0.4615	1
द्घ	conjunct2	692	0.5991	1
द्ङ	conjunct2	1168	1.0113	2
द्च	conjunct2	1166	1.0095	2
द्छ	conjunct2	1232	1.0667	2
द्ज	conjunct2	1273	1.1022	2
द्झ	conjunct2	1287	1.1143	2
द्ञ	conjunct2	1273	1.1022	2
द्ट	conjunct2	1035	0.8961	1
द्ठ	conjunct2	1112	0.9628	1
द्ड	conjunct2	1066	0.9229	1
द्ढ	conjunct2	1094	0.9472	1
द्ण	conjunct2	1254	1.0857	2
द्त	conjunct2	1101	0.9532	1
द्थ	conjunct2	1170	1.013	2
द्द	conjunct2	484	0.419	1
द्ध	conjunct2	799	0.6918	1
द्न	conjunct2	1086	0.9403	1
द्प	conjunct2	1099	0.9515	1
द्फ	conjunct2	1302	1.1273	2
द्ब	conjunct2	580	0.5022	1
द्भ	conjunct2	789	0.6831	1
द्म	conjunct2	733	0.6346	1
द्य	conjunct2	630	0.5455	1
द्र	conjunct2	531	0.4597	1
द्ल	conjunct2	1209	1.0468	2
द्ळ	conjunct2	1291	1.1177	2
द्व	conjunct2	575	0.4978	1
द्श	conjunct2	1211	1.0485	2
द्ष	conjunct2	1109	0.9602	1
द्स	conjunct2	1207	1.045	2
द्ह	conjunct2	1062	0.9195	1
ध्क	conjunct2	1144	0.9905	1
ध्ख	conjunct2	1194	1.0338	2
ध्ग	conjunct2	939	0.813	1
ध्घ	conjunct2	967	0.8372	1
ध्ङ	conjunct2	1013	0.8771	1
ध्च	conjunct2	1011	0.8753	1
ध्छ	conjunct2	1077	0.9325	1
ध्ज	conjunct2	1118	0.968	1
ध्झ	conjunct2	1132	0.9801	1
ध्ञ	conjunct2	1118	0.968	1
ध्ट	conjunct2	880	0.7619	1
ध्ठ	conjunct2	957	0.8286	1
ध्ड	conjunct2	911	0.7887	1
ध्ढ	conjunct2	939	0.813	1
ध्ण	conjunct2	1099	0.9515	1
ध्त	conjunct2	946	0.819	1
ध्थ	conjunct2	1015	0.8788	1
ध्द	conjunct2	907	0.7853	1
ध्ध	conjunct2	991	0.858	1
ध्न	conjunct2	931	0.8061	1
ध्प	conjunct2	944	0.8173	1
ध्फ	conjunct2	1147	0.9931	1
ध्ब	conjunct2	947	0.8199	1
ध्भ	conjunct2	1079	0.9342	1
ध्म	conjunct2	974	0.8433	1
ध्य	conjunct2	956	0.8277	1
ध्र	conjunct2	615	0.5325	1
ध्ल	conjunct2	1064	0.9212	1
ध्ळ	conjunct2	1136	0.9835	1
ध्व	conjunct2	932	0.8069	1
ध्श	conjunct2	1056	0.9143	1
ध्ष	conjunct2	954	0.826	1
ध्स	conjunct2	1052	0.9108	1
ध्ह	conjunct2	907	0.7853	1
न्क	conjunct2	1064	0.9212	1
न्ख	conjunct2	1116	0.9662	1
न्ग	conjunct2	851	0.7368	1
न्घ	conjunct2	851	0.7368	1
न्ङ	conjunct2	995	0.8615	1
न्च	conjunct2	953	0.8251	1
न्छ	conjunct2	987	0.8545	1
न्ज	conjunct2	1040	0.9004	1
न्झ	conjunct2	1084	0.9385	1
न्ञ	conjunct2	1100	0.9524	1
न्ट	conjunct2	818	0.7082	1
न्ठ	conjunct2	939	0.813	1
न्ड	conjunct2	893	0.7732	1
न्ढ	conjunct2	921	0.7974	1
न्ण	conjunct2	1081	0.9359	1
न्त	conjunct2	878	0.7602	1
न्थ	conjunct2	906	0.7844	1
न्द	conjunct2	840	0.7273	1
न्ध	conjunct2	892	0.7723	1
न्न	conjunct2	570	0.4935	1
न्प	conjunct2	863	0.7472	1
न्फ	conjunct2	1041	0.9013	1
न्ब	conjunct2	885	0.7662	1
न्भ	conjunct2	961	0.832	1
न्म	conjunct2	916	0.7931	1
न्य	conjunct2	875	0.7576	1
न्र	conjunct2	555	0.4805	1
न्ल	conjunct2	990	0.8571	1
न्ळ	conjunct2	1118	0.968	1
न्व	conjunct2	855	0.7403	1
न्श	conjunct2	1018	0.8814	1
न्ष	conjunct2	873	0.7558	1
न्स	conjunct2	998	0.8641	1
न्ह	conjunct2	830	0.7186	1
प्क	conjunct2	1076	0.9316	1
प्ख	conjunct2	1126	0.9749	1
प्ग	conjunct2	871	0.7541	1
प्घ	conjunct2	899	0.7784	1
प्ङ	conjunct2	945	0.8182	1
प्च	conjunct2	943	0.8165	1
प्छ	conjunct2	1009	0.8736	1
प्ज	conjunct2	1050	0.9091	1
प्झ	conjunct2	1064	0.9212	1
प्ञ	conjunct2	1050	0.9091	1
प्ट	conjunct2	817	0.7074	1
प्ठ	conjunct2	889	0.7697	1
प्ड	conjunct2	843	0.7299	1
प्ढ	conjunct2	871	0.7541	1
प्ण	conjunct2	1031	0.8926	1
प्त	conjunct2	878	0.7602	1
प्थ	conjunct2	947	0.8199	1
प्द	conjunct2	839	0.7264	1
प्ध	conjunct2	923	0.7991	1
प्न	conjunct2	569	0.4926	1
प्प	conjunct2	876	0.7584	1
प्फ	conjunct2	1088	0.942	1
प्ब	conjunct2	879	0.761	1
प्भ	conjunct2	1011	0.8753	1
प्म	conjunct2	892	0.7723	1
प्य	conjunct2	881	0.7628	1
प्र	conjunct2	569	0.4926	1
प्ल	conjunct2	1004	0.8693	1
प्ळ	conjunct2	1068	0.9247	1
प्व	conjunct2	874	0.7567	1
प्श	conjunct2	1008	0.8727	1
प्ष	conjunct2	886	0.7671	1
प्स	conjunct2	990	0.8571	1
प्ह	conjunct2	839	0.7264	1
फ्क	conjunct2	1380	1.1948	2
फ्ख	conjunct2	1370	1.1861	2
फ्ग	conjunct2	1175	1.0173	2
फ्घ	conjunct2	1203	1.0416	2
फ्ङ	conjunct2	1249	1.0814	2
फ्च	conjunct2	1247	1.0797	2
फ्छ	conjunct2	1313	1.1368	2
फ्ज	conjunct2	1290	1.1169	2
फ्झ	conjunct2	1368	1.1844	2
फ्ञ	conjunct2	1354	1.1723	2
फ्ट	conjunct2	1052	0.9108	1
फ्ठ	conjunct2	1193	1.0329	2
फ्ड	conjunct2	1147	0.9931	1
फ्ढ	conjunct2	1175	1.0173	2
फ्ण	conjunct2	1335	1.1558	2
फ्त	conjunct2	1109	0.9602	1
फ्थ	conjunct2	1211	1.0485	2
फ्द	conjunct2	1143	0.9896	1
फ्ध	conjunct2	1227	1.0623	2
फ्न	conjunct2	1167	1.0104	2
फ्प	conjunct2	1121	0.9706	1
फ्फ	conjunct2	1324	1.1463	2
फ्ब	conjunct2	1183	1.0242	2
फ्भ	conjunct2	1315	1.1385	2
फ्म	conjunct2	1210	1.0476	2
फ्य	conjunct2	1118	0.968	1
फ्र	conjunct2	771	0.6675	1
फ्ल	conjunct2	1226	1.0615	2
फ्ळ	conjunct2	1372	1.1879	2
फ्व	conjunct2	1104	0.9558	1
फ्श	conjunct2	1252	1.084	2
फ्ष	conjunct2	1131	0.9792	1
फ्स	conjunct2	1218	1.0545	2
फ्ह	conjunct2	1143	0.9896	1
ब्क	conjunct2	1130	0.9784	1
ब्ख	conjunct2	1149	0.9948	1
ब्ग	conjunct2	964	0.8346	1
ब्घ	conjunct2	992	0.8589	1
ब्ङ	conjunct2	1038	0.8987	1
ब्च	conjunct2	1036	0.897	1
ब्छ	conjunct2	1102	0.9541	1
ब्ज	conjunct2	1101	0.9532	1
ब्झ	conjunct2	1108	0.9593	1
ब्ञ	conjunct2	1143	0.9896	1
ब्ट	conjunct2	905	0.7835	1
ब्ठ	conjunct2	982	0.8502	1
ब्ड	conjunct2	936	0.8104	1
ब्ढ	conjunct2	964	0.8346	1
ब्ण	conjunct2	1124	0.9732	1
ब्त	conjunct2	912	0.7896	1
ब्थ	conjunct2	1040	0.9004	1
ब्द	conjunct2	864	0.7481	1
ब्ध	conjunct2	929	0.8043	1
ब्न	conjunct2	917	0.7939	1
ब्प	conjunct2	969	0.839	1
ब्फ	conjunct2	1172	1.0147	2
ब्ब	conjunct2	923	0.7991	1
ब्भ	conjunct2	1104	0.9558	1
ब्म	conjunct2	950	0.8225	1
ब्य	conjunct2	915	0.7922	1
ब्र	conjunct2	571	0.4944	1
ब्ल	conjunct2	1025	0.8874	1
ब्ळ	conjunct2	1161	1.0052	2
ब्व	conjunct2	908	0.7861	1
ब्श	conjunct2	1051	0.91	1
ब्ष	conjunct2	979	0.8476	1
ब्स	conjunct2	1025	0.8874	1
ब्ह	conjunct2	932	0.8069	1
भ्क	conjunct2	1207	1.045	2
भ्ख	conjunct2	1257	1.0883	2
भ्ग	conjunct2	1002	0.8675	1
भ्घ	conjunct2	1030	0.8918	1
भ्ङ	conjunct2	1076	0.9316	1
भ्च	conjunct2	1074	0.9299	1
भ्छ	conjunct2	1140	0.987	1
भ्ज	conjunct2	1181	1.0225	2
भ्झ	conjunct2	1195	1.0346	2
भ्ञ	conjunct2	1181	1.0225	2
भ्ट	conjunct2	943	0.8165	1
भ्ठ	conjunct2	1020	0.8831	1
भ्ड	conjunct2	974	0.8433	1
भ्ढ	conjunct2	1002	0.8675	1
भ्ण	conjunct2	1162	1.0061	2
भ्त	conjunct2	1009	0.8736	1
भ्थ	conjunct2	1078	0.9333	1
भ्द	conjunct2	970	0.8398	1
भ्ध	conjunct2	1054	0.9126	1
भ्न	conjunct2	994	0.8606	1
भ्प	conjunct2	1007	0.8719	1
भ्फ	conjunct2	1210	1.0476	2
भ्ब	conjunct2	1010	0.8745	1
भ्भ	conjunct2	1142	0.9887	1
भ्म	conjunct2	1037	0.8978	1
भ्य	conjunct2	996	0.8623	1
भ्र	conjunct2	703	0.6087	1
भ्ल	conjunct2	1097	0.9498	1
भ्ळ	conjunct2	1199	1.0381	2
भ्व	conjunct2	973	0.8424	1
भ्श	conjunct2	1119	0.9688	1
भ्ष	conjunct2	1017	0.8805	1
भ्स	conjunct2	1115	0.9654	1
भ्ह	conjunct2	970	0.8398	1
म्क	conjunct2	1098	0.9506	1
म्ख	conjunct2	1168	1.0113	2
म्ग	conjunct2	913	0.7905	1
म्घ	conjunct2	941	0.8147	1
म्ङ	conjunct2	987	0.8545	1
म्च	conjunct2	985	0.8528	1
म्छ	conjunct2	1051	0.91	1
म्ज	conjunct2	1072	0.9281	1
म्झ	conjunct2	1106	0.9576	1
म्ञ	conjunct2	1092	0.9455	1
म्ट	conjunct2	844	0.7307	1
म्ठ	conjunct2	921	0.7974	1
म्ड	conjunct2	885	0.7662	1
म्ढ	conjunct2	913	0.7905	1
म्ण	conjunct2	1073	0.929	1
म्त	conjunct2	895	0.7749	1
म्थ	conjunct2	989	0.8563	1
म्द	conjunct2	853	0.7385	1
म्ध	conjunct2	965	0.8355	1
म्न	conjunct2	892	0.7723	1
म्प	conjunct2	887	0.768	1
म्फ	conjunct2	1091	0.9446	1
म्ब	conjunct2	896	0.7758	1
म्भ	conjunct2	1003	0.8684	1
म्म	conjunct2	897	0.7766	1
म्य	conjunct2	905	0.7835	1
म्र	conjunct2	598	0.5177	1
म्ल	conjunct2	1008	0.8727	1
म्ळ	conjunct2	1110	0.961	1
म्व	conjunct2	881	0.7628	1
म्श	conjunct2	1012	0.8762	1
म्ष	conjunct2	897	0.7766	1
म्स	conjunct2	1001	0.8667	1
म्ह	conjunct2	833	0.7212	1
य्क	conjunct2	1107	0.9584	1
य्ख	conjunct2	1146	0.9922	1
य्ग	conjunct2	891	0.7714	1
य्घ	conjunct2	919	0.7957	1
य्ङ	conjunct2	965	0.8355	1
य्च	conjunct2	963	0.8338	1
य्छ	conjunct2	1029	0.8909	1
य्ज	conjunct2	1070	0.9264	1
य्झ	conjunct2	1084	0.9385	1
य्ञ	conjunct2	1070	0.9264	1
य्ट	conjunct2	832	0.7203	1
य्ठ	conjunct2	909	0.787	1
य्ड	conjunct2	863	0.7472	1
य्ढ	conjunct2	891	0.7714	1
य्ण	conjunct2	1051	0.91	1
य्त	conjunct2	898	0.7775	1
य्थ	conjunct2	967	0.8372	1
य्द	conjunct2	859	0.7437	1
य्ध	conjunct2	943	0.8165	1
य्न	conjunct2	883	0.7645	1
य्प	conjunct2	896	0.7758	1
य्फ	conjunct2	1099	0.9515	1
य्ब	conjunct2	899	0.7784	1
य्भ	conjunct2	1031	0.8926	1
य्म	conjunct2	926	0.8017	1
य्य	conjunct2	908	0.7861	1
य्र	conjunct2	580	0.5022	1
य्ल	conjunct2	1006	0.871	1
य्ळ	conjunct2	1088	0.942	1
य्व	conjunct2	894	0.774	1
य्श	conjunct2	1008	0.8727	1
य्ष	conjunct2	906	0.7844	1
य्स	conjunct2	1004	0.8693	1
य्ह	conjunct2	859	0.7437	1
र्क	conjunct2	768	0.6649	1
र्ख	conjunct2	818	0.7082	1
र्ग	conjunct2	563	0.4874	1
र्घ	conjunct2	591	0.5117	1
र्ङ	conjunct2	637	0.5515	1
र्च	conjunct2	635	0.5498	1
र्छ	conjunct2	701	0.6069	1
र्ज	conjunct2	742	0.6424	1
र्झ	conjunct2	756	0.6545	1
र्ञ	conjunct2	742	0.6424	1
र्ट	conjunct2	504	0.4364	1
र्ठ	conjunct2	581	0.503	1
र्ड	conjunct2	535	0.4632	1
र्ढ	conjunct2	563	0.4874	1
र्ण	conjunct2	723	0.626	1
र्त	conjunct2	570	0.4935	1
र्थ	conjunct2	639	0.5532	1
र्द	conjunct2	531	0.4597	1
र्ध	conjunct2	615	0.5325	1
र्न	conjunct2	555	0.4805	1
र्प	conjunct2	568	0.4918	1
र्फ	conjunct2	771	0.6675	1
र्ब	conjunct2	571	0.4944	1
र्भ	conjunct2	703	0.6087	1
र्म	conjunct2	598	0.5177	1
र्य	conjunct2	580	0.5022	1
र्र	conjunct2	409	0.3541	1
र्ल	conjunct2	678	0.587	1
र्ळ	conjunct2	760	0.658	1
र्व	conjunct2	556	0.4814	1
र्श	conjunct2	680	0.5887	1
र्ष	conjunct2	578	0.5004	1
र्स	conjunct2	676	0.5853	1
र्ह	conjunct2	531	0.4597	1
ल्क	conjunct2	1219	1.0554	2
ल्ख	conjunct2	1281	1.1091	2
ल्ग	conjunct2	1040	0.9004	1
ल्घ	conjunct2	1091	0.9446	1
ल्ङ	conjunct2	1137	0.9844	1
ल्च	conjunct2	1135	0.9827	1
ल्छ	conjunct2	1201	1.0398	2
ल्ज	conjunct2	1202	1.0407	2
ल्झ	conjunct2	1256	1.0874	2
ल्ञ	conjunct2	1242	1.0753	2
ल्ट	conjunct2	940	0.8139	1
ल्ठ	conjunct2	1037	0.8978	1
ल्ड	conjunct2	1035	0.8961	1
ल्ढ	conjunct2	1010	0.8745	1
ल्ण	conjunct2	1223	1.0589	2
ल्त	conjunct2	1016	0.8797	1
ल्थ	conjunct2	1139	0.9861	1
ल्द	conjunct2	962	0.8329	1
ल्ध	conjunct2	1115	0.9654	1
ल्न	conjunct2	1055	0.9134	1
ल्प	conjunct2	997	0.8632	1
ल्फ	conjunct2	1200	1.039	2
ल्ब	conjunct2	1022	0.8848	1
ल्भ	conjunct2	1203	1.0416	2
ल्म	conjunct2	1068	0.9247	1
ल्य	conjunct2	1037	0.8978	1
ल्र	conjunct2	689	0.5965	1
ल्ल	conjunct2	1129	0.9775	1
ल्ळ	conjunct2	1260	1.0909	2
ल्व	conjunct2	1007	0.8719	1
ल्श	conjunct2	1160	1.0043	2
ल्ष	conjunct2	1007	0.8719	1
ल्स	conjunct2	1139	0.9861	1
ल्ह	conjunct2	962	0.8329	1
ळ्क	conjunct2	1509	1.3065	2
ळ्ख	conjunct2	1559	1.3498	2
ळ्ग	conjunct2	1304	1.129	2
ळ्घ	conjunct2	1332	1.1532	2
ळ्ङ	conjunct2	1378	1.1931	2
ळ्च	conjunct2	1376	1.1913	2
ळ्छ	conjunct2	1442	1.2485	2
ळ्ज	conjunct2	1483	1.284	2
ळ्झ	conjunct2	1497	1.2961	2
ळ्ञ	conjunct2	1483	1.284	2
ळ्ट	conjunct2	1245	1.0779	2
ळ्ठ	conjunct2	1322	1.1446	2
ळ्ड	conjunct2	1276	1.1048	2
ळ्ढ	conjunct2	1304	1.129	2
ळ्ण	conjunct2	1464	1.2675	2
ळ्त	conjunct2	1311	1.1351	2
ळ्थ	conjunct2	1380	1.1948	2
ळ्द	conjunct2	1272	1.1013	2
ळ्ध	conjunct2	1356	1.174	2
ळ्न	conjunct2	1296	1.1221	2
ळ्प	conjunct2	1309	1.1333	2
ळ्फ	conjunct2	1512	1.3091	2
ळ्ब	conjunct2	1312	1.1359	2
ळ्भ	conjunct2	1444	1.2502	2
ळ्म	conjunct2	1339	1.1593	2
ळ्य	conjunct2	1170	1.013	2
ळ्र	conjunct2	760	0.658	1
ळ्ल	conjunct2	1419	1.2286	2
ळ्ळ	conjunct2	1361	1.1784	2
ळ्व	conjunct2	1297	1.1229	2
ळ्श	conjunct2	1421	1.2303	2
ळ्ष	conjunct2	1319	1.142	2
ळ्स	conjunct2	1417	1.2268	2
ळ्ह	conjunct2	1272	1.1013	2
व्क	conjunct2	1111	0.9619	1
व्ख	conjunct2	1210	1.0476	2
व्ग	conjunct2	955	0.8268	1
व्घ	conjunct2	983	0.8511	1
व्ङ	conjunct2	1029	0.8909	1
व्च	conjunct2	1027	0.8892	1
व्छ	conjunct2	1093	0.9463	1
व्ज	conjunct2	1092	0.9455	1
व्झ	conjunct2	1148	0.9939	1
व्ञ	conjunct2	1134	0.9818	1
व्ट	conjunct2	896	0.7758	1
व्ठ	conjunct2	923	0.7991	1
व्ड	conjunct2	927	0.8026	1
व्ढ	conjunct2	955	0.8268	1
व्ण	conjunct2	1115	0.9654	1
व्त	conjunct2	962	0.8329	1
व्थ	conjunct2	1031	0.8926	1
व्द	conjunct2	923	0.7991	1
व्ध	conjunct2	1007	0.8719	1
व्न	conjunct2	909	0.787	1
व्प	conjunct2	960	0.8312	1
व्फ	conjunct2	1163	1.0069	2
व्ब	conjunct2	963	0.8338	1
व्भ	conjunct2	1095	0.9481	1
व्म	conjunct2	941	0.8147	1
व्य	conjunct2	922	0.7983	1
व्र	conjunct2	556	0.4814	1
व्ल	conjunct2	1007	0.8719	1
व्ळ	conjunct2	1152	0.9974	1
व्व	conjunct2	913	0.7905	1
व्श	conjunct2	1072	0.9281	1
व्ष	conjunct2	970	0.8398	1
व्स	conjunct2	1013	0.8771	1
व्ह	conjunct2	820	0.71	1
श्क	conjunct2	1209	1.0468	2
श्ख	conjunct2	1243	1.0762	2
श्ग	conjunct2	988	0.8554	1
श्घ	conjunct2	1016	0.8797	1
श्ङ	conjunct2	1062	0.9195	1
श्च	conjunct2	693	0.6	1
श्छ	conjunct2	1144	0.9905	1
श्ज	conjunct2	1167	1.0104	2
श्झ	conjunct2	1181	1.0225	2
श्ञ	conjunct2	1167	1.0104	2
श्ट	conjunct2	929	0.8043	1
श्ठ	conjunct2	1006	0.871	1
श्ड	conjunct2	960	0.8312	1
श्ढ	conjunct2	988	0.8554	1
श्ण	conjunct2	1148	0.9939	1
श्त	conjunct2	995	0.8615	1
श्थ	conjunct2	1064	0.9212	1
श्द	conjunct2	956	0.8277	1
श्ध	conjunct2	1040	0.9004	1
श्न	conjunct2	707	0.6121	1
श्प	conjunct2	993	0.8597	1
श्फ	conjunct2	1196	1.0355	2
श्ब	conjunct2	996	0.8623	1
श्भ	conjunct2	1128	0.9766	1
श्म	conjunct2	1023	0.8857	1
श्य	conjunct2	1005	0.8701	1
श्र	conjunct2	708	0.613	1
श्ल	conjunct2	1090	0.9437	1
श्ळ	conjunct2	1185	1.026	2
श्व	conjunct2	688	0.5957	1
श्श	conjunct2	1091	0.9446	1
श्ष	conjunct2	1003	0.8684	1
श्स	conjunct2	1101	0.9532	1
श्ह	conjunct2	956	0.8277	1
ष्क	conjunct2	1101	0.9532	1
ष्ख	conjunct2	1194	1.0338	2
ष्ग	conjunct2	939	0.813	1
ष्घ	conjunct2	967	0.8372	1
ष्ङ	conjunct2	1013	0.8771	1
ष्च	conjunct2	1011	0.8753	1
ष्छ	conjunct2	1077	0.9325	1
ष्ज	conjunct2	1118	0.968	1
ष्झ	conjunct2	1132	0.9801	1
ष्ञ	conjunct2	1118	0.968	1
ष्ट	conjunct2	584	0.5056	1
ष्ठ	conjunct2	589	0.51	1
ष्ड	conjunct2	911	0.7887	1
ष्ढ	conjunct2	939	0.813	1
ष्ण	conjunct2	1045	0.9048	1
ष्त	conjunct2	911	0.7887	1
ष्थ	conjunct2	1015	0.8788	1
ष्द	conjunct2	907	0.7853	1
ष्ध	conjunct2	991	0.858	1
ष्न	conjunct2	931	0.8061	1
ष्प	conjunct2	890	0.7706	1
ष्फ	conjunct2	1093	0.9463	1
ष्ब	conjunct2	947	0.8199	1
ष्भ	conjunct2	1079	0.9342	1
ष्म	conjunct2	914	0.7913	1
ष्य	conjunct2	935	0.8095	1
ष्र	conjunct2	578	0.5004	1
ष्ल	conjunct2	1054	0.9126	1
ष्ळ	conjunct2	1136	0.9835	1
ष्व	conjunct2	908	0.7861	1
ष्श	conjunct2	1056	0.9143	1
ष्ष	conjunct2	900	0.7792	1
ष्स	conjunct2	1052	0.9108	1
ष्ह	conjunct2	907	0.7853	1
स्क	conjunct2	1157	1.0017	2
स्ख	conjunct2	1197	1.0364	2
स्ग	conjunct2	952	0.8242	1
स्घ	conjunct2	980	0.8485	1
स्ङ	conjunct2	1026	0.8883	1
स्च	conjunct2	1024	0.8866	1
स्छ	conjunct2	1090	0.9437	1
स्ज	conjunct2	1131	0.9792	1
स्झ	conjunct2	1145	0.9913	1
स्ञ	conjunct2	1131	0.9792	1
स्ट	conjunct2	893	0.7732	1
स्ठ	conjunct2	970	0.8398	1
स्ड	conjunct2	924	0.8	1
स्ढ	conjunct2	952	0.8242	1
स्ण	conjunct2	1112	0.9628	1
स्त	conjunct2	959	0.8303	1
स्थ	conjunct2	1008	0.8727	1
स्द	conjunct2	920	0.7965	1
स्ध	conjunct2	1004	0.8693	1
स्न	conjunct2	937	0.8113	1
स्प	conjunct2	957	0.8286	1
स्फ	conjunct2	1160	1.0043	2
स्ब	conjunct2	960	0.8312	1
स्भ	conjunct2	1092	0.9455	1
स्म	conjunct2	987	0.8545	1
स्य	conjunct2	969	0.839	1
स्र	conjunct2	686	0.5939	1
स्ल	conjunct2	1067	0.9238	1
स्ळ	conjunct2	1149	0.9948	1
स्व	conjunct2	945	0.8182	1
स्श	conjunct2	1069	0.9255	1
स्ष	conjunct2	967	0.8372	1
स्स	conjunct2	1075	0.9307	1
स्ह	conjunct2	920	0.7965	1
ह्क	conjunct2	1174	1.0165	2
ह्ख	conjunct2	1270	1.0996	2
ह्ग	conjunct2	1015	0.8788	1
ह्घ	conjunct2	1043	0.903	1
ह्ङ	conjunct2	1089	0.9429	1
ह्च	conjunct2	1087	0.9411	1
ह्छ	conjunct2	1153	0.9983	1
ह्ज	conjunct2	1157	1.0017	2
ह्झ	conjunct2	1208	1.0459	2
ह्ञ	conjunct2	1194	1.0338	2
ह्ट	conjunct2	956	0.8277	1
ह्ठ	conjunct2	1033	0.8944	1
ह्ड	conjunct2	987	0.8545	1
ह्ढ	conjunct2	1015	0.8788	1
ह्ण	conjunct2	623	0.5394	1
ह्त	conjunct2	967	0.8372	1
ह्थ	conjunct2	1091	0.9446	1
ह्द	conjunct2	983	0.8511	1
ह्ध	conjunct2	1067	0.9238	1
ह्न	conjunct2	622	0.5385	1
ह्प	conjunct2	1020	0.8831	1
ह्फ	conjunct2	1223	1.0589	2
ह्ब	conjunct2	1008	0.8727	1
ह्भ	conjunct2	1155	1.0	1
ह्म	conjunct2	801	0.6935	1
ह्य	conjunct2	787	0.6814	1
ह्र	conjunct2	531	0.4597	1
ह्ल	conjunct2	616	0.5333	1
ह्ळ	conjunct2	1212	1.0494	2
ह्व	conjunct2	623	0.5394	1
ह्श	conjunct2	1132	0.9801	1
ह्ष	conjunct2	1030	0.8918	1
ह्स	conjunct2	1103	0.955	1
ह्ह	conjunct2	945	0.8182	1
क्ष्ण	conjunct3	1168	1.0113	2
त्त्व	conjunct3	942	0.8156	1
र्क्ष	conjunct3	717	0.6208	1
स्त्र	conjunct3	941	0.8147	1
ङ्क्ष	conjunct3	1354	1.1723	2
म्प्र	conjunct3	888	0.7688	1
न्त्य	conjunct3	1179	1.0208	2
ष्ट्र	conjunct3	584	0.5056	1
क्ष्णा	conjunct3+matra	1427	1.2355	2
क्ष्णि	conjunct3+matra	1427	1.2355	2
क्ष्णी	conjunct3+matra	1427	1.2355	2
क्ष्णु	conjunct3+matra	1168	1.0113	2
क्ष्णू	conjunct3+matra	1168	1.0113	2
क्ष्णृ	conjunct3+matra	1168	1.0113	2
त्त्वा	conjunct3+matra	1201	1.0398	2
त्त्वि	conjunct3+matra	1201	1.0398	2
त्त्वी	conjunct3+matra	1201	1.0398	2
त्त्वु	conjunct3+matra	942	0.8156	1
त्त्वू	conjunct3+matra	942	0.8156	1
त्त्वृ	conjunct3+matra	942	0.8156	1
र्क्षा	conjunct3+matra	976	0.845	1
र्क्षि	conjunct3+matra	976	0.845	1
र्क्षी	conjunct3+matra	976	0.845	1
र्क्षु	conjunct3+matra	717	0.6208	1
र्क्षू	conjunct3+matra	717	0.6208	1
र्क्षृ	conjunct3+matra	717	0.6208	1
स्त्रा	conjunct3+matra	1200	1.039	2
स्त्रि	conjunct3+matra	1200	1.039	2
स्त्री	conjunct3+matra	1200	1.039	2
स्त्रु	conjunct3+matra	941	0.8147	1
स्त्रू	conjunct3+matra	941	0.8147	1
स्त्रृ	conjunct3+matra	941	0.8147	1
ङ्क्षा	conjunct3+matra	1613	1.3965	2
ङ्क्षि	conjunct3+matra	1613	1.3965	2
ङ्क्षी	conjunct3+matra	1613	1.3965	2
ङ्क्षु	conjunct3+matra	1354	1.1723	2
ङ्क्षू	conjunct3+matra	1354	1.1723	2
ङ्क्षृ	conjunct3+matra	1354	1.1723	2
म्प्रा	conjunct3+matra	1147	0.9931	1
म्प्रि	conjunct3+matra	1147	0.9931	1
म्प्री	conjunct3+matra	1147	0.9931	1
म्प्रु	conjunct3+matra	888	0.7688	1
म्प्रू	conjunct3+matra	888	0.7688	1
म्प्रृ	conjunct3+matra	888	0.7688	1
न्त्या	conjunct3+matra	1438	1.245	2
न्त्यि	conjunct3+matra	1438	1.245	2
न्त्यी	conjunct3+matra	1438	1.245	2
न्त्यु	conjunct3+matra	1179	1.0208	2
न्त्यू	conjunct3+matra	1179	1.0208	2
न्त्यृ	conjunct3+matra	1179	1.0208	2
ष्ट्रा	conjunct3+matra	843	0.7299	1
ष्ट्रि	conjunct3+matra	843	0.7299	1
ष्ट्री	conjunct3+matra	843	0.7299	1
ष्ट्रु	conjunct3+matra	584	0.5056	1
ष्ट्रू	conjunct3+matra	584	0.5056	1
ष्ट्रृ	conjunct3+matra	584	0.5056	1
र्क	reph	768	0.6649	1
र्ख	reph	818	0.7082	1
र्ग	reph	563	0.4874	1
र्घ	reph	591	0.5117	1
र्ङ	reph	637	0.5515	1
र्च	reph	635	0.5498	1
र्छ	reph	701	0.6069	1
र्ज	reph	742	0.6424	1
र्झ	reph	756	0.6545	1
र्ञ	reph	742	0.6424	1
र्ट	reph	504	0.4364	1
र्ठ	reph	581	0.503	1
र्ड	reph	535	0.4632	1
र्ढ	reph	563	0.4874	1
र्ण	reph	723	0.626	1
र्त	reph	570	0.4935	1
र्थ	reph	639	0.5532	1
र्द	reph	531	0.4597	1
र्ध	reph	615	0.5325	1
र्न	reph	555	0.4805	1
र्प	reph	568	0.4918	1
र्फ	reph	771	0.6675	1
र्ब	reph	571	0.4944	1
र्भ	reph	703	0.6087	1
र्म	reph	598	0.5177	1
र्य	reph	580	0.5022	1
र्र	reph	409	0.3541	1
र्ल	reph	678	0.587	1
र्ळ	reph	760	0.658	1
र्व	reph	556	0.4814	1
र्श	reph	680	0.5887	1
र्ष	reph	578	0.5004	1
र्स	reph	676	0.5853	1
र्ह	reph	531	0.4597	1
