#	Lexicon source — authored. spec/lexicon.tsv is GENERATED from this by
#	`cargo run -p lexgen`, which adds the slp1 and iast columns.
#	Method: doc 01 §4. One word, one sense; one sense, one word.
devanagari	english	category	source	notes
अंश	bit	concept	attested	
अंशगणना	population count	mnemonic	dhatu	
अकर्म	no-op	mnemonic	dhatu	
अक्षरम्	akshara	type	derived	
अक्षररूप	font	graphics	doc05	
अक्षररूपम्	system font	name	doc17	
अक्षरविभागः	akshara segmentation	terminal	doc04	
अक्षराणि	aksharas of	terminal	doc04	
अङ्कः	index open	keyword	attested	
अङ्कनम्	rasterization	graphics	doc05	
अज्ञातनाम	undefined symbol	error	derived	
अज्ञातसंज्ञा	unknown mnemonic	error	derived	
अतिप्रवाहः	overflow	error	derived	
अतिप्रवाहनिषेधः	overflow (checked-arithmetic refusal 0x35c)	error	owner-2026-10-06	W-381 stage 3: the refusal of a checked built-in whose result does not fit 64 signed bits, or of a checked shift by 64 or more, code 0x35c in FAIL form.
अदेवनागरीवर्णप्रतिषेधः	non-Devanagari character refusal	error	ADR-0044	ADR-0044 D2: the owner-named compile-time refusal of a code point outside U+0900–U+097F inside a वर्णाष्टकम् … इति literal, naming the letter and its column.
अधिकम्	greater than	operator	doc15	
अधिकार	capability	concept	attested	
अधिकाराभावः	capability denied	error	derived	
अधिष्ठाता	supervisor	name	doc17	
अधिष्ठापनम्	deployment	storage	doc08	
अध्यासप्रतिषेधः	aliased result (matrix refusal 0x35b)	error	owner-2026-10-06	V-009 (ii): the refusal of a matrix built-in whose result run is one of its operand runs, code 0x35b in FAIL form (docs/v009-matrix-design.md, names table).
सीमातीतलेखननिषेधः	out-of-bounds store (refusal 0x35d)	error	owner-2026-10-06	W-381 stage 4: the refusal of an indexed store the native bounds check refuses (a negative index), code 0x35d in FAIL form; split from the read's 0x355 (owner ruling 2026-10-06).
अनपेक्षितचिह्नम्	unexpected token	error	derived	
अनिश्चितमूल्यम्	uninitialized	error	derived	
अनुक्रम	sequence	concept	attested	
अनुक्रमणिका	index	storage	doc08	
अनुपलब्धम्	unavailable	error	derived	
अनुमतिः	permission	storage	doc08	
अनुमोदनम्	authorization	security	doc13,16	
अनुवर्तनम्	continue	keyword	attested	
अनुसूचकः	scheduler	kernel	doc11	
अन्तः	index close	keyword	attested	
अन्तरम्	delta	security	doc13,16	
अन्तर्गमनम्	inbound	network	doc06	
अन्यथा	else	keyword	attested	
अन्वेषकः	debugger	name	doc17	
अपप्रवाहः	underflow	error	derived	
अपवाद	exception	concept	attested	
अपूर्णवाक्यम्	unterminated statement	error	derived	
अपेक्षा	requires, capability set	keyword	attested	
अर्थ	argument register	register	derived	
अवतरणम्	download	security	doc13,16	
अवस्था	state	concept	attested	
अवस्थानम्	state directory	storage	doc08	
अवैधरूपम्	malformed	error	derived	
अव्यक्तम्	untyped memory	kernel	doc11	
अशुद्धाक्षरम्	character outside repertoire	error	derived	
अष्टक	byte	concept	attested	
अष्टकाः	byte data	directive	attested	
अष्टाष्टकाः	quad data	directive	attested	
असत्यम्	false	keyword	attested	
असमम्	not equal	operator	ADR-0026	T1's inequality operator, frozen from the corpus by ADR-0026. Replaces doc 15's proposed `विषमम्`, which no source writes.
असमर्थितम्	unsupported	error	derived	
असामान्यरूपम्	not normalized	error	derived	
असुरक्षितम्	unsafe	keyword	attested	
अस्थिर	volatile	keyword	attested	
अ१२८	i128	type	derived	
अ१६	i16	type	derived	
अ३२	i32	type	derived	
अ६४	i64	type	derived	
अ८	i8	type	derived	
आ	range, up to	keyword	attested	
आकारणम्	shaping	graphics	doc05	
आज्ञा	instruction	concept	attested	
आज्ञापनम्	system call	mnemonic	dhatu	
आदि	begin	keyword	attested	
आदिकर्ता	root task	kernel	doc11	
आयातः	import	keyword	attested	
आरभ्य	group open	keyword	attested	
आरम्भकः	bootloader	name	doc17	
आवण्टकः	allocator	kernel	doc11	
आव्यूहगुणनम्	matrix multiplication	concept	ADR-0043	V-009 (ii): the member `व्यूहॱआव्यूहगुणनम्` of the matrix product, a call-form member, never a keyword (ADR-0043 D1, R1, R3); also the name of a module's synthesised product kernel routine.
आहारः	load	mnemonic	dhatu	
आह्वानम्	call	mnemonic	dhatu	
इति	end, thus	keyword	attested	
इति सूचिः	in list	keyword	attested	
उक्तम्	string open	keyword	attested	
उपयोक्ता	user	storage	doc08	
उपसर्गे	at base address	directive	attested	
ऋण	negative	operator	doc15	
एतत्	Self type	keyword	attested	
कच्चा	raw asm	keyword	attested	
कर्म	operation	concept	attested	
कारक	operand	concept	attested	
काल	column	terminal	doc04	
कालखण्डः	time slice	kernel	doc11	
कालमुद्रा	timestamp	media	doc10	
कालातीतम्	timed out	error	derived	
कुञ्जिका	key, button	terminal	doc04	
कुञ्जी	key	security	doc13,16	
केवलपठनम्	read-only	directive	attested	
कोश	storage	concept	attested	
कोशः	object format	name	doc17	
कोशतन्त्रम्	filesystem, the concept	storage	doc08	
कोशागारम्	content store	storage	doc08	
कोष्ठ	register	concept	attested	
कोष्ठक	directory	concept	attested	
कोष्ठकम्	section	directive	attested	
क्रम	order	concept	attested	
क्रमसूचकः	program counter	register	derived	
क्रमिकम्	sequential	kernel	doc11	
क्रिया	opcode	concept	attested	
क्षणिक	temporary register	register	derived	
क्षणिकम्	temporary	storage	doc08	
खण्डनम्	fragmentation	network	doc06	
गणना	enum	keyword	attested	
गर्भः	kernel	name	doc17	
गवाक्ष	window	concept	attested	
गवाक्षः	browser	name	doc17	
गुणधर्मः	attribute	storage	doc08	
गुणनम्	multiply	mnemonic+operator	dhatu	ADR-0028: also T1's multiplication operator (`mul_op`). Doc 15's proposed `गुण` is retired — unwritten by any source.
गृहम्	home directory	storage	doc08	
गोपनम्	encryption	network	doc06	
गोवर्धनः	Govardhan	name	doc17	
ग्रहणम्	receive	network+kernel	doc06	
घटना	event	concept	attested	
घटनाप्रतीक्षा	wait for an event	concept	ADR-0040	The member of W-373's wait intrinsic, `अष्टकॱघटनाप्रतीक्षा` (one argument, reserved; one token only); a call-form member declared nowhere, never a keyword. Not the bare `प्रतीक्षा`, which is the record type at `encode.t1` and kernel `wait` (doc11).
च	and	operator	doc15	
चतुरष्टकाः	word data	directive	attested	
चर	variable	concept	attested	
चरः	var	keyword	attested	
चित्रम्	graphics	name	doc17	
चिह्न	label	concept	attested	
चिह्नकः	cursor	terminal	doc04	
चौखटदरः	frame rate	media	doc10	
चौखटम्	frame	graphics	doc05	
छेदनम्	clip	graphics	doc05	
जागरणम्	wake	kernel	doc11	
जाल	network	concept	attested	
जालतन्त्रम्	network stack, the concept	network	doc06	
जालम्	Jala, the SANSOS network stack	name	doc17	
ततः	then, match arm	keyword	attested	
तन्तु	thread	concept	attested	
तन्तुसूचकः	thread pointer	register	derived	
तन्त्रम्	system directory	storage	doc08	
तालम्	lock	kernel	doc11	
तुलना	compare	mnemonic	dhatu	
दक्षिणभ्रमणम्	rotate right	mnemonic	dhatu	
दक्षिणसरणम्	shift right (T0 mnemonic)	mnemonic	dhatu	
दक्षिणसृ	shift right (T1 operator)	operator	doc15	
दर्शनम्	render engine	name	doc17	
दैर्घ्य	length	concept	attested	
दोष	fault	concept	attested	
दोषः	error	keyword	attested	
दोषयुक्त	error union	type	derived	
द्वयष्टकाः	half-word data	directive	attested	
द्वार	port	concept	attested	
द्वारदास	pty slave	terminal	doc04	
द्वारपट्टिका	terminal device	terminal	doc04	
द्वारपालः	terminal	name	doc17	
द्वारयुग्म	pty pair	terminal	doc04	
द्वारस्वामी	pty master	terminal	doc04	
द्विरुक्तनाम	duplicate symbol	error	derived	
धारा	stream	media	doc10	
धाराविश्लेषकः	demuxer	media	doc10	
ध्रुव	constant	concept	attested	
ध्रुवः	const	keyword	attested	
ध्वज	flag	concept	attested	
न	not	operator	doc15	
न प्राप्तम्	not found	error	derived	
नवीकरणम्	OTA update	name	doc17	
नादः	media stack	name	doc17	
नादपटलम्	audio device	media	doc10	
नादरूपतन्त्रम्	media system	media	doc10	
नाभिः	nucleus	kernel	doc11	
नाम	name	directive	attested	
नामनिर्देशः	DNS	network	doc06	
नामपरिवर्तनम्	rename	storage	doc08	
नामाङ्कितः	labelled	keyword	attested	
नालन्दा	Nalanda	name	doc17	
निधानम्	store	mnemonic	dhatu	
निधिः	Nidhi, the SANSOS filesystem	name	doc17	
नियन्ता	shell	name	doc17	
नियन्त्रणम्	playback control	media	doc10	
निर्गमः	port out	mnemonic	dhatu	
आगमः	device input domain	mnemonic	derived	आ+√गम् (coming in); the fence domain RISC-V spells `i` (B-045)
पङ्क्तिप्रधानम्	row-major (layout)	concept	owner-2026-10-06	V-009 (ii): the layout constant `व्यूहॱपङ्क्तिप्रधानम्`, read as text in a matrix call's last argument (docs/v009-matrix-design.md, names table).
पठनम्	memory read domain	mnemonic	derived	√पठ् (to read) + अनम्; the fence domain RISC-V spells `r` (B-045)
परिवर्तितम्	transposed (layout: the first operand read as Aᵀ)	concept	owner-2026-10-06	V-009 (ii): the layout constant `व्यूहॱपरिवर्तितम्`, a product's first operand with its row and column strides swapped (owner ruling 2026-10-06, docs/v009-matrix-design.md).
लेखनम्	memory write domain	mnemonic	derived	√लिख् (to write) + अनम्; the fence domain RISC-V spells `w` (B-045)
निर्गमद्वारम्	sink, output	media	doc10	
निर्देश	directive	concept	attested	
निर्माता	build system	name	doc17	
निवेशः	port in	mnemonic	dhatu	
निश्चयः	assert	keyword	attested	
निषिद्धम्	forbidden	error	derived	
नूतनम्	new, allocate	kernel	doc11	
न्यूनम्	less than	operator	doc15	
न्यूनसमम्	less or equal	operator	doc15	
न्यूनाधिकारः	attenuation	security	doc13,16	
न१	u1 bitfield	type	derived	
न१२८	u128	type	derived	
न१६	u16	type	derived	
न२	u2 bitfield	type	derived	
न२२	u22 bitfield	type	derived	
न३२	u32	type	derived	
न६	u6 bitfield	type	derived	
न६४	u64	type	derived	
न८	u8	type	derived	
पङ्क्ति	row	terminal	doc04	
पङ्क्तिविन्यासः	line layout	graphics	doc05	
पटलम्	display device	graphics	doc05	
पठ	read	terminal	doc04	
पठनलेखनम्	read-write	directive	attested	
पत्र	file	concept	attested	
पद	machine word	concept	attested	
परमाणु	atomic	keyword	attested	
परमाणुतुलनाविनिमयः	compare and swap	mnemonic	dhatu	
परमाणुपठनम्	atomic load	mnemonic	dhatu	
परमाणुलेखनम्	atomic store	mnemonic	dhatu	
परमाणुविनिमयः	atomic exchange	mnemonic	dhatu	
परिमाण	size	concept	attested	
परिवेष्टन	sandbox	concept	attested	
परिष्कारः	post-process	media	doc10	
परीक्षा	test	keyword+name	attested	
परीक्षायोगः	checksum	network	doc06	
पाठ	string	type	derived	ADR-0029: T1's `type_name`. Spelled `पाठः` until 2026-08-31; the corpus writes the stem 26 to 2 in the one type position `binding` freezes, and doc 01 §4 rule 5 forbids carrying both words for this one sense.
पारदर्शिता	opacity	graphics	doc05	
पिण्ड	packet	concept	attested	
पिण्डधारा	object stream	terminal	doc04	
पुनःनमूनाकरणम्	resampling	media	doc10	
पुनःप्रयत्नः	retry	error	derived	
पुनःसंयोजनम्	reassembly	network	doc06	
पुनःस्थानम्	return address	register	derived	
पुनरारम्भः	restart	security	doc13,16	
पुनरावृत्तिः	repeat	directive	attested	
पुनरुद्धारम्	trash, restore	storage	doc08	
पूर्णक्रमेण	by total order	operator	doc15	
पूर्णम्	full	error	derived	
पृष्ठकः	pager	kernel	doc11	
पृष्ठदोषः	page fault	kernel	doc11	
पृष्ठम्	surface	graphics	doc05	
प्रकारः	type	keyword	attested	
प्रकारभेदः	type mismatch	error	derived	
प्रक्रिया	process	concept	attested	
प्रतिध्वनिः	echo	terminal	doc04	
प्रतिबिम्बम्	snapshot	security	doc13,16	
प्रतिलिपिः	copy	storage	doc08	
प्रतीक्षा	wait	kernel	doc11	
प्रत्यागमनम्	return	mnemonic+keyword	dhatu	
प्रत्यायनम्	commit	security	doc13,16	
प्रत्यावर्तनम्	rollback	security	doc13,16	
प्रत्येकम्	for	keyword	attested	
प्रदेशः	region, area	graphics	doc05	
प्रमाणपत्रम्	certificate	network	doc06	
प्रमाणम्	attestation	security	doc13,16	
प्रयत्नः	try	keyword	attested	
प्रवाहनियन्त्रणम्	flow control	network	doc06	
प्रवेशः	input method	name	doc17	
प्राकारः	capability layer	name	doc17	
प्राथमिकता	priority	kernel	doc11	
प्रेषणम्	send	network	doc06	
फलम्	result, return type	keyword	attested	
बहिर्गमनम्	outbound	network	doc06	
बाह्यम्	outer label	keyword	attested	
बिन्दु	pixel	concept	attested	
बृहत्समम्	greater or equal	operator	ADR-0037	T1’s greater-or-equal, frozen from the corpus by ADR-0037; vakyavibhaga.t1:3163 has written it since 2026-08-29. Replaces doc 15’s proposed `अधिकसमम्`, which no source writes.
बूल	bool	type	derived	
भग्नम्	corrupted	error	derived	
भङ्गः	break	keyword	attested	
भवति	assign, becomes	operator	doc15	
भागः	divide	mnemonic	dhatu	T0 only. T1 spells division `विभाजनम्` (ADR-0026), which is the word its corpus writes; doc 15's proposed `भाग` is retired. The two tiers differ here and ADR-0028 says so rather than respelling a frozen T0 mnemonic.
भाण्डारम्	file browser	name	doc17	
भारः	payload	network	doc06	
प्लव	float register	register	derived	
भीडनियन्त्रणम्	congestion control	network	doc06	
प३२	f32	type	derived	
प६४	f64	type	derived	
मण्डपः	compositor	name	doc17	
मण्डलम्	module	keyword	attested	
मात्रा	quantity	concept	attested	
मार्गः	route, IP layer	network	doc06	
मिश्रणम्	mixing	media	doc10	
मुक्तिः	free	kernel	doc11	
मूलम्	root of trust	security	doc13,16	
मूल्य	value	concept	attested	
मोचनम्	release	kernel	doc11	
यदि	if	keyword	attested	
यदिलङ्घनम्	conditional branch	mnemonic	dhatu	
यन्त्र	device	concept	attested	
यन्त्राणि	devices	storage	doc08	
यावत्	while	keyword	attested	
युक्	bitwise and (T1 operator)	operator	doc15	
युक्तम्	bitwise and (T0 mnemonic)	mnemonic	dhatu	
युग्म	pair	concept	attested	
योगः	add	mnemonic+operator	dhatu	ADR-0028: also T1's addition operator (`add_op`). Doc 15 proposed `अधि` for the T1 sense; no source writes it and ADR-0026 froze this word from the corpus, so the two tiers spell addition alike.
रक्षा	defer	keyword	attested	
रक्षातन्त्रम्	security system	security	doc13,16	
राशि	heap	concept	attested	
रिक्तः	null, none	keyword	attested	
रिक्तप्रवेशः	null access	error	derived	
रिक्तम्	empty	error	derived	
रूपकम्	widget	graphics	doc05	
रूपम्	codec suite	name	doc17	
रूपान्तरणम्	transform	graphics	doc05	
रेखा	line, stroke	graphics	doc05	
रेखानुशासनम्	line discipline	terminal	doc04	
लक्ष्यम्	target	security	doc13,16	
लङ्घनम्	jump	mnemonic	dhatu	
लिपिखण्डः	script run	graphics	doc05	
लेखनी	lexer	terminal	doc04	
लेखय	write	terminal	doc04	
वर्ग	square, class	concept	attested	
प्लववर्गमूलम्	square root	mnemonic	dhatu	
वर्णः	text shaper	name	doc17	
वर्णपटलम्	palette	graphics	doc05	
वर्णाष्टकम्	Devanagari-8 data literal open	keyword	ADR-0044	ADR-0044 D2: the owner-ruled second string opener, under the owner's exemption to the frozen T1 lexical grammar (2026-10-06). Mirrors उक्तम् exactly (same इति close, same इति इति escape, one line); its value is one octet per letter, 0x80 + (code point − 0x0900) over U+0900–U+097F. Literally "the octet of letters".
वर्तिका	brush	graphics	doc05	
वा	or	operator	doc15	
वामभ्रमणम्	rotate left	mnemonic	dhatu	
वामसरणम्	shift left (T0 mnemonic)	mnemonic	dhatu	
वामसृ	shift left (T1 operator)	operator	doc15	
वास्तु	Sassembly-web	name	doc17	
विकल्प	bitwise or (T1 operator)	operator	doc15	
विकल्पः	bitwise or (T0 mnemonic)	mnemonic	dhatu	
विकल्पना	match	keyword	attested	
विकोडकः	decoder	media	doc10	
विघ्न	interrupt	concept	attested	
विघ्नग्राहकः	IRQ handler	kernel	doc11	
विघ्नप्रत्यागमः	return from interrupt	mnemonic	dhatu	
विघ्नवृत्तिः	interrupt fn	keyword	attested	
विघ्नसमाप्तिः	end of interrupt	mnemonic	dhatu	
विच्छिन्नम्	disconnected	error	derived	
विन्यास	layout	concept	attested	
विभाजनम्	divided by	operator	ADR-0026	Frozen from the corpus by ADR-0026. T0's divide mnemonic is `भागः`; doc 15's proposed `भाग` is retired.
वियोगः	subtract	mnemonic+operator	dhatu	ADR-0028: also T1's subtraction operator (`add_op`). Doc 15's proposed `ऊन` is retired — unwritten by any source.
विरचनम्	stage	security	doc13,16	
विरामः	halt	mnemonic	dhatu	
विरुद्धम्	conflict	error	derived	
विलम्बः	latency	network	doc06	
विलोपनम्	delete	storage	doc08	
विश्वसूचकः	global pointer	register	derived	
विश्वासः	trust	security	doc13,16	
विषम	bitwise xor (T1 operator)	operator	doc15	
विषयः	deref	keyword	attested	
विस्तार	extent	concept	attested	
विस्तारय	widening cast	mnemonic	dhatu	
वृत्ति	function	concept	attested	
वृत्तिः	fn	keyword	attested	
वृत्तिस्थानम्	function pointer	keyword	attested	
वैश्विकम्	global	directive	attested	
वैषम्यम्	bitwise xor (T0 mnemonic)	mnemonic	dhatu	
व्यत्यय	bitwise not (T1 operator)	operator	doc15	
व्यत्ययः	bitwise not (T0 mnemonic)	mnemonic	dhatu	
व्युत्क्रमः	transpose	concept	ADR-0043	V-009 (ii): the member `व्यूहॱव्युत्क्रमः`, a call-form member, never a keyword (ADR-0043 D1, R1); also the name of a module's transpose kernel routine.
व्यूह	vector	concept	ADR-0043	The qualifier of V-008's elementwise vector built-ins, `व्यूहॱ` + a V-005 float name (`व्यूहॱप्लवयोगः`); a call-form member, never a keyword (ADR-0043 D1, R3). Not `आव्यूह`, which is matrix.
व्यूहदैर्घ्यम्	set vector length (vsetvli)	mnemonic	owner-2026-10-05	V-008 part 2: the T0 mnemonic of `vsetvli`, confirmed by the owner 2026-10-05 (docs/v008-vector-lowering-design.md); built from ADR-0043's `व्यूह` and this lexicon's `दैर्घ्य`.
शीर्षकम्	header	network	doc06	
शून्यः	hardwired zero	register	derived	
शून्यम्	void	keyword	attested	
शून्यविभाजननिषेधः	division by zero (refusal 0x35e)	error	owner-2026-10-06	W-381 stage 3: the refusal of a division or remainder by zero, on the interpreter and natively (a zero test before the div/rem), code 0x35e in FAIL form. Not RV64's all-ones / dividend.
शेषः	remainder	mnemonic+operator	dhatu	T0 rem, and since ADR-0037 T1’s modulo operator — encode.t1:647, :676 write it between two operands. Replaces doc 15’s proposed `शेष`, which no source writes. The corpus writes `शेषम्` far more often, but every one of those is a local variable holding a remainder, not the operator.
श्रोता	listener	network	doc06	
संकलन	compilation	concept	attested	
संकुचय	narrowing cast	mnemonic	dhatu	
संकेतः	signal	terminal	doc04	
संख्यानम्	count	concept	attested	
संग्रहः	package system	name	doc17	
संघः	union	keyword	attested	
संचारः	move between registers	mnemonic	dhatu	
संज्ञा	mnemonic	concept	attested	
संयोजन	linking	concept	attested	
संरचना	struct	keyword	attested	
संरेखः	align	directive	attested	
संरेखितम्	aligned	kernel	doc11	
संलग्नम्	mount point	storage	doc08	
संस्कारः	patch	security	doc13,16	
संस्कृति	Sankriti	name	doc17	
संहतसंरचना	packed struct	keyword	attested	
संहतिः	composite	graphics	doc05	
सङ्केतशास्त्रम्	cryptography	security	doc13,16	
सञ्जीवनी	hot patching	name	doc17	
सत्यम्	true	keyword	attested	
सन्दर्भपरिवर्तनम्	context switch	kernel	doc11	
सन्देश	message	concept	attested	
सन्धिः	connection	network	doc06	
सन्सोस्	SANSOS	name	doc17	
समकालनम्	synchronization	media	doc10	
समम्	equal	operator	doc15	
समयकृत	comptime	keyword	attested	
समानम्	equ directive	directive	attested	
समाप्तम्	group close	keyword	attested	
समावेशः	include	directive	attested	
समासः	tensor (multidimensional mathematical array; non-grammatical compound)	concept	ADR-0043	V-009 (ii): the member `व्यूहॱसमासः`, the rank-3 batched product (owner ruling 2026-10-06, design Q4 (a)); gloss exactly as ADR-0043 R4 rules.
समूह	set	concept	attested	
सम्बन्धः	link layer	network	doc06	
सम्भाव्य	optional	type	derived	
सस्सेम्बली	Sassembly	name	doc17	
साक्षी	transparency log	name	doc17	
साक्ष्यम्	witness, attest	security	doc13,16	
साधनम्	toolchain	name	doc17	
सारः	hash, digest	security	doc13,16	
सार्वजनिक	pub	keyword	attested	
सीमा	limit	concept	attested	
सीमातिक्रमः	index out of bounds	error	derived	
सुरक्षितगुणनम्	checked multiply	concept	owner-2026-10-06	W-381 stage 3: the member `अष्टकॱसुरक्षितगुणनम्`, a × b, refused on signed 64-bit overflow, as `अतिप्रवाहनिषेधः` (0x35c); a call-form member, never a keyword (ADR-0043 D1). Plain arithmetic wraps (P1); the checked forms retired `परिवृत्तयोगः` and `परिवृत्तअधि`.
सुरक्षितयोगः	checked add	concept	owner-2026-10-06	W-381 stage 3: the member `अष्टकॱसुरक्षितयोगः`, a + b, refused on signed 64-bit overflow, as `अतिप्रवाहनिषेधः` (0x35c); a call-form member, never a keyword (ADR-0043 D1). Plain arithmetic wraps (P1); the checked forms retired `परिवृत्तयोगः` and `परिवृत्तअधि`.
सुरक्षितवामसरणम्	checked shift left	concept	owner-2026-10-06	W-381 stage 3: the member `अष्टकॱसुरक्षितवामसरणम्`, a << n, refused only for a count n of 64 or more (ruling (a)); bits shifted out are not refused, as `अतिप्रवाहनिषेधः` (0x35c); a call-form member, never a keyword (ADR-0043 D1). Plain arithmetic wraps (P1); the checked forms retired `परिवृत्तयोगः` and `परिवृत्तअधि`.
सुरक्षितवियोगः	checked subtract	concept	owner-2026-10-06	W-381 stage 3: the member `अष्टकॱसुरक्षितवियोगः`, a − b, refused on signed 64-bit overflow, as `अतिप्रवाहनिषेधः` (0x35c); a call-form member, never a keyword (ADR-0043 D1). Plain arithmetic wraps (P1); the checked forms retired `परिवृत्तयोगः` and `परिवृत्तअधि`.
सूचक	pointer	concept	attested	
सूचना	notification	kernel	doc11	
सूची	list	concept	attested	
स्तम्भप्रधानम्	column-major (layout)	concept	owner-2026-10-06	V-009 (ii): the layout constant `व्यूहॱस्तम्भप्रधानम्`, resolved at compile time as a permutation (docs/v009-matrix-design.md, names table).
स्तूप	stack	concept	attested	
स्तूपसूचकः	stack pointer	register	derived	
स्तूपापहारः	pop	mnemonic	dhatu	
स्तूपारोपः	push	mnemonic	dhatu	
स्थगितम्	deferred	error	derived	
स्थान	address	concept	attested	
स्थानम्	pointer type	type	derived	
स्थानान्तरणम्	move a file	storage	doc08	
स्थानाभावः	out of memory	error	derived	
स्थानीयम्	local	directive	attested	
स्थिर	callee-saved register	register	derived	
स्पन्दः	script engine	name	doc17	
स्मृति	memory	concept	attested	
स्मृतिक्षेत्रम्	address space	kernel	doc11	
स्मृतिबन्धः	memory barrier	mnemonic	dhatu	
स्मृत्यभावः	allocation failed	error	derived	
स्वयम्	self	keyword	attested	
हस्तमेलनम्	handshake	network	doc06	
हस्ताक्षरम्	signature	security	doc13,16	
ऽ	argument separator	sign	ADR-0003	
ॐ	file invocation	sign	ADR-0003	
।	statement terminator	sign	ADR-0003	
॥	directive terminator	sign	ADR-0003	
॰	comment, escape	sign	ADR-0003	
ॱ	member access	sign	ADR-0003	
ॱॱ	type or label annotation	sign	ADR-0003	
उपरिभारः	load upper immediate	mnemonic	derived	उपरि (upper) + भारः (load); the immediate lands in the high bits
उपरिगुणनम्	high multiplication	mnemonic	derived	उपरि (upper) + गुणनम्; the high half of a product, as उपरिभारः is the high half of an immediate
प्लवसमम्	float equal	mnemonic	derived	प्लव + समम् (doc 15's equality operator)
प्लवन्यूनम्	float less than	mnemonic	derived	प्लव + न्यूनम् (doc 15's less-than)
प्लवानधिकम्	float not greater than	mnemonic	derived	प्लव + अ (privative) + अधिकम् (doc 15's greater-than); not-greater is <=, the negation ADR-0008 uses for branches. The अ+अ join is savarṇa-dīrgha (6.1.101)
प्लवगुणवियोगः	float multiply then subtract	mnemonic	derived	प्लव + गुण + वियोगः, beside प्लवगुणयोगः
ऋणप्लवगुणयोगः	negated float multiply then add	mnemonic	derived	ऋण (ADR-0009's negative) + प्लवगुणयोगः
ऋणप्लवगुणवियोगः	negated float multiply then subtract	mnemonic	derived	ऋण + प्लवगुणवियोगः
व्यत्ययप्लवचिह्नारोपणम्	copy the inverted sign	mnemonic	derived	व्यत्यय (the T0 name for bitwise not) + प्लवचिह्नारोपणम्
वैषम्यप्लवचिह्नारोपणम्	copy the signs xored	mnemonic	derived	वैषम्यम् (the T0 name for xor) + प्लवचिह्नारोपणम्
नियन्त्रकविनिमयः	control register exchange	mnemonic	derived	नियन्त्रक + विनिमयः (exchange), as in परमाणुविनिमयः
नियन्त्रकविकल्पः	control register set	mnemonic	derived	नियन्त्रक + विकल्पः (the T0 name for or); setting a bit is or-ing it
नियन्त्रकापसारणम्	control register clear	mnemonic	derived	नियन्त्रक + अप+√सृ (to remove) + अनम्; clearing is removal. The अ+अ join is savarṇa-dīrgha
मिश्रोपरिगुणनम्	mixed-sign high multiplication	mnemonic	derived	मिश्र (mixed) + उपरिगुणनम्; one operand signed and one not, which is why it needs its own name
अचिह्नोपरिगुणनम्	unsigned high multiplication	mnemonic	derived	अचिह्न (ADR-0006) + उपरिगुणनम्; the अ+उ join is guṇa (6.1.87), a rule sandhi.rs defers
स्थानसापेक्षयोगः	add upper immediate to pc	mnemonic	derived	स्थान (place) + सापेक्ष (relative) + योगः (add); pc-relative
सचिह्नदक्षिणसरणम्	shift right arithmetic	mnemonic	derived	स + चिह्न (sign) + दक्षिणसरणम्; preserves the sign bit, unlike दक्षिणसरणम्
अचिह्नाहारः	load without sign extension	mnemonic	derived	अ (privative) + चिह्न (sign) + आहारः; zero-extends where आहारः sign-extends. Formed by the same savarṇa-dīrgha join (अ + आ -> आ) that sandhi.rs declines to compute (B-051)
विश्लेषणम्	disassembler	name	derived	वि+√श्लिष् (to take apart) + अनम्; doc 17's counterpart to साधनम् (B-013)
समलङ्घनम्	branch if equal	mnemonic	derived	सम (from समम्, doc 15's equality operator) + लङ्घनम्
विषमलङ्घनम्	branch if not equal	mnemonic	derived	विषम + लङ्घनम्. The T0 spelling predates ADR-0026 and is frozen by spec/conformance-rvc-t0.tsv; T1's inequality operator is `असमम्` (ADR-0028), not the retired `विषमम्` this name was derived from.
न्यूनलङ्घनम्	branch if less	mnemonic	derived	न्यून (from न्यूनम्, doc 15's less-than) + लङ्घनम्
अन्यूनलङ्घनम्	branch if not less	mnemonic	derived	अ (privative) + न्यून + लङ्घनम्; not-less is >=, the same negation ADR-0006 uses
अचिह्नन्यूनलङ्घनम्	branch if less, unsigned	mnemonic	derived	अचिह्न (ADR-0006) + न्यून + लङ्घनम्
अचिह्नान्यूनलङ्घनम्	branch if not less, unsigned	mnemonic	derived	अचिह्न + अन्यून + लङ्घनम्; the अ+अ join is savarṇa-dīrgha (6.1.101), the rule sandhi.rs declines to compute (B-051)
अचिह्नन्यूनम्	unsigned less-than	mnemonic	derived	अ (privative) + चिह्न (sign) + न्यूनम्; ADR-0006 — the unsigned sibling of न्यूनम्
अचिह्नभागः	unsigned division	mnemonic	derived	अ (privative) + चिह्न (sign) + भागः; ADR-0006 — the unsigned sibling of भागः
अचिह्नशेषः	unsigned remainder	mnemonic	derived	अ (privative) + चिह्न (sign) + शेषः; ADR-0006 — the unsigned sibling of शेषः
अचिह्नपरमाणुपरमम्	unsigned atomic maximum	mnemonic	derived	अ (privative) + चिह्न (sign) + परमाणुपरमम्; ADR-0006 — the unsigned sibling of परमाणुपरमम्
अचिह्नपरमाणुन्यूनतमम्	unsigned atomic minimum	mnemonic	derived	अ (privative) + चिह्न (sign) + परमाणुन्यूनतमम्; ADR-0006 — the unsigned sibling of परमाणुन्यूनतमम्
सापेक्षलङ्घनम्	jump and link register	mnemonic	derived	सापेक्ष (relative) + लङ्घनम् (jump); target comes from a register
अन्वेषणविरामः	breakpoint	mnemonic	derived	अन्वेषण (investigation, cf अन्वेषकः debugger) + विरामः (halt); विरामः alone is `halt` and a breakpoint is not one
परमाणुयोगः	atomic add	mnemonic	derived	परमाणु (atomic) + योगः
परमाणुयुक्तम्	atomic and	mnemonic	derived	परमाणु + युक्तम्
परमाणुविकल्पः	atomic or	mnemonic	derived	परमाणु + विकल्पः
परमाणुवैषम्यम्	atomic xor	mnemonic	derived	परमाणु + वैषम्यम्
परमाणुपरमम्	atomic maximum	mnemonic	derived	परमाणु + परमम् (highest)
परमाणुन्यूनतमम्	atomic minimum	mnemonic	derived	परमाणु + न्यूनतमम् (least)
प्लवाहारः	float load	mnemonic	derived	प्लव (float register) + आहारः
प्लवनिधानम्	float store	mnemonic	derived	प्लव + निधानम्
प्लवयोगः	float add	mnemonic	derived	प्लव + योगः
प्लववियोगः	float subtract	mnemonic	derived	प्लव + वियोगः
प्लवगुणनम्	float multiply	mnemonic	derived	प्लव + गुणनम्
प्लवभागः	float divide	mnemonic	derived	प्लव + भागः
प्लवगुणयोगः	fused multiply-add	mnemonic	derived	प्लव + गुणनम् + योगः; multiply and add as one rounding
प्लवपरमम्	float maximum	mnemonic	derived	प्लव + परमम्
प्लवन्यूनतमम्	float minimum	mnemonic	derived	प्लव + न्यूनतमम्
प्लवरूपान्तरम्	float convert	mnemonic	derived	प्लव + रूपान्तरम् (change of form)
प्लवचिह्नारोपणम्	sign injection	mnemonic	derived	चिह्न (sign) + आरोपणम् (placing upon)
प्लवतुलना	float compare	mnemonic	derived	प्लव + तुलना
प्लववर्गः	classify float	mnemonic	derived	प्लव + वर्गः (class); वर्ग is already `square, class`
प्लवसंचारः	float move	mnemonic	derived	प्लव + संचारः
नियन्त्रककोष्ठः	control and status register	mnemonic	derived	नियन्त्रक (controlling) + कोष्ठ (register)
आदेशबन्धः	instruction fence	mnemonic	derived	आदेश (instruction) + बन्धः (binding); orders instruction fetch, not data
स्मृतिक्षेत्रबन्धः	address-translation fence	mnemonic	derived	स्मृतिक्षेत्रम् (address space, doc 11) + बन्धः, the third of the pair स्मृतिबन्धः and आदेशबन्धः; orders updates to the page tables, which is neither data nor fetch
समापनम्	application exit	kernel	derived	सम् + आ + √पद् -> समापनम् (bringing to an end); ADR-0016 call 0, and the call an application ends by rather than returning
आलेखनम्	surface write	kernel	derived	आ + √लिख् + अनम् (writing upon); ADR-0016 call 1. Distinct from लेखनम्, which is the fence domain RISC-V spells `w`
सिद्धम्	call succeeded	kernel	attested	ADR-0016 error code 0; the four failures are असमर्थितम्, अधिकाराभावः, रिक्तप्रवेशः and सीमातिक्रमः, all of which the lexicon already carried
चालनम्	running (execution)	concept	derived	चालन (causing to move / setting in motion); UI coinage for program execution (Sanskriti)
यतिः	newline	keyword	attested	ADR-0018 — prosody's caesura, "the pause that divides a metrical line"; doc 17a §3.3 already names darshana's line breaker यतिः for the same concept. A VALUE in T1 and never an escape: inside उक्तम् … इति it is its own four akṣaras
विवरम्	space	keyword	attested	ADR-0018 — वि+√वृ, an opening or interstice, the interval between two things; U+0020 as a value. अवकाशः, the obvious word, is taken by the linker's संरचना अवकाश (Slot) and अन्तरम् is already `delta`
सञ्चार	communication, the module (jāla is a T0 directive)	network	owner-2026-10-08	Owner 2026-10-08 "names: primaries; ADR-0047 accepted". Family/module prefix (network). ADR-0048.
सम्बन्धपिण्डप्रेषणम्	send a link frame	network	owner-2026-10-08	Owner 2026-10-08 "names: primaries; ADR-0047 accepted". Frame send (raw). ADR-0048. Called as सञ्चारॱसम्बन्धपिण्डप्रेषणम् (module सञ्चार, member सम्बन्धपिण्डप्रेषणम्); a call-form member declared nowhere, never a keyword.
सम्बन्धपिण्डग्रहणम्	receive a link frame	network	owner-2026-10-08	Owner 2026-10-08 "names: primaries; ADR-0047 accepted". Frame receive (raw). ADR-0048. Called as सञ्चारॱसम्बन्धपिण्डग्रहणम् (module सञ्चार, member सम्बन्धपिण्डग्रहणम्); a call-form member declared nowhere, never a keyword.
सम्बन्धनिर्देशः	link-layer address	network	owner-2026-10-08	Owner 2026-10-08 "names: primaries; ADR-0047 accepted". MAC address. ADR-0048. Called as सञ्चारॱसम्बन्धनिर्देशः (module सञ्चार, member सम्बन्धनिर्देशः); a call-form member declared nowhere, never a keyword.
सम्बन्धावस्था	link state	network	owner-2026-10-08	Owner 2026-10-08 "names: primaries; ADR-0047 accepted". Link up (state query). ADR-0048. Called as सञ्चारॱसम्बन्धावस्था (module सञ्चार, member सम्बन्धावस्था); a call-form member declared nowhere, never a keyword.
सञ्चारपङ्क्तिः	network queue driver	network	owner-2026-10-08	Owner 2026-10-08 "names: primaries; ADR-0047 accepted". Layer: virtio-net driver. ADR-0048.
स्थाननिर्देशः	address directory, ARP	network	owner-2026-10-08	Owner 2026-10-08 "names: primaries; ADR-0047 accepted". Layer: ARP. ADR-0048.
मार्गसन्देशः	route message, ICMP	network	owner-2026-10-08	Owner 2026-10-08 "names: primaries; ADR-0047 accepted". Layer: ICMP. ADR-0048.
मार्गप्रतिध्वनिः	route echo, ping	network	owner-2026-10-08	Owner 2026-10-08 "names: primaries; ADR-0047 accepted". ICMP ping call. ADR-0048. Called as सञ्चारॱमार्गप्रतिध्वनिः (module सञ्चार, member मार्गप्रतिध्वनिः); a call-form member declared nowhere, never a keyword.
सन्देशप्रेषणम्	send a datagram	network	owner-2026-10-08	Owner 2026-10-08 "names: primaries; ADR-0047 accepted". UDP send. ADR-0048. Called as सञ्चारॱसन्देशप्रेषणम् (module सञ्चार, member सन्देशप्रेषणम्); a call-form member declared nowhere, never a keyword.
सन्देशग्रहणम्	receive a datagram	network	owner-2026-10-08	Owner 2026-10-08 "names: primaries; ADR-0047 accepted". UDP receive. ADR-0048. Called as सञ्चारॱसन्देशग्रहणम् (module सञ्चार, member सन्देशग्रहणम्); a call-form member declared nowhere, never a keyword.
निःसन्धिपिण्डः	connectionless packet, UDP	network	owner-2026-10-08	Owner 2026-10-08 "names: primaries; ADR-0047 accepted". Layer: UDP. ADR-0048.
नामनिर्देशनिर्णयः	settle a DNS name	network	owner-2026-10-08	Owner 2026-10-08 "names: primaries; ADR-0047 accepted". DNS resolve. ADR-0048. Called as सञ्चारॱनामनिर्देशनिर्णयः (module सञ्चार, member नामनिर्देशनिर्णयः); a call-form member declared nowhere, never a keyword.
सञ्चाराभावः	network absent (refusal 0x35f)	error	owner-2026-10-08	Owner 2026-10-08 "names: primaries; ADR-0047 accepted". Refusal 0x35f in FAIL form 0x35f3333 (REFUSAL network not enabled (no --net)). ADR-0048.
पिण्डातिदीर्घनिषेधः	oversize frame refused (refusal 0x360)	error	owner-2026-10-08	Owner 2026-10-08 "names: primaries; ADR-0047 accepted". Refusal 0x360 in FAIL form 0x3603333 (REFUSAL frame too large). ADR-0048.
पिण्डसङ्ख्यातिक्रमः	frame count cap passed (refusal 0x361)	error	owner-2026-10-08	Owner 2026-10-08 "names: primaries; ADR-0047 accepted". Refusal 0x361 in FAIL form 0x3613333 (REFUSAL frame-cap exceeded). ADR-0048.
परीक्षायोगभेदः	checksum does not match (refusal 0x362)	error	owner-2026-10-08	Owner 2026-10-08 "names: primaries; ADR-0047 accepted". Refusal 0x362 in FAIL form 0x3623333 (REFUSAL checksum mismatch). ADR-0048.
पिण्डावैधरूपम्	packet is malformed (refusal 0x363)	error	owner-2026-10-08	Owner 2026-10-08 "names: primaries; ADR-0047 accepted". Refusal 0x363 in FAIL form 0x3633333 (REFUSAL malformed packet). ADR-0048.
स्थाननिर्देशकालातीतम्	ARP timed out (refusal 0x364)	error	owner-2026-10-08	Owner 2026-10-08 "names: primaries; ADR-0047 accepted". Refusal 0x364 in FAIL form 0x3643333 (REFUSAL ARP timeout). ADR-0048.
नामानुपलब्धिः	name not obtainable (refusal 0x365)	error	owner-2026-10-08	Owner 2026-10-08 "names: primaries; ADR-0047 accepted". Refusal 0x365 in FAIL form 0x3653333 (REFUSAL name not found). ADR-0048.
अवैधसन्धिः	invalid connection handle (refusal 0x366)	error	owner-2026-10-08	Owner 2026-10-08 "names: primaries; ADR-0047 accepted". Refusal 0x366 in FAIL form 0x3663333 (REFUSAL invalid handle). ADR-0048.
लक्ष्यनिषेधः	target refused (refusal 0x367)	error	owner-2026-10-08	Owner 2026-10-08 "names: primaries; ADR-0047 accepted". Refusal 0x367 in FAIL form 0x3673333 (REFUSAL host/port not allowed). ADR-0048.
उद्गमसम्बन्धनिषेधः	source link address refused (refusal 0x368)	error	owner-2026-10-08	Owner 2026-10-08 "refusals: primaries". Refusal 0x368 in FAIL form 0x3683333 (Source MAC refused). ADR-0048.
सञ्चारकालातीतम्	network timed out (refusal 0x369)	error	owner-2026-10-08	Owner 2026-10-08 "refusals: primaries". Refusal 0x369 in FAIL form 0x3693333 (Timeout (shared by all phases)). ADR-0048.
प्रतिपक्षविच्छिन्नम्	counterpart disconnected (refusal 0x36a)	error	owner-2026-10-08	Owner 2026-10-08 "refusals: primaries". Refusal 0x36a in FAIL form 0x36a3333 (Peer closed). ADR-0048.
आधारानुपलब्धम्	host backend unavailable (refusal 0x36b)	error	owner-2026-10-08	Owner 2026-10-08 "refusals: primaries". Refusal 0x36b in FAIL form 0x36b3333 (Backend unavailable). ADR-0048.
अभिलेखसङ्केतभेदः	record-log tag differs (refusal 0x36c)	error	owner-2026-10-08	Owner 2026-10-08 "refusals: primaries". Refusal 0x36c in FAIL form 0x36c3333 (Log tag mismatch). ADR-0048.
प्रतिध्वन्यभावः	no echo returned (refusal 0x36d)	error	owner-2026-10-08	Owner 2026-10-08 "refusals: primaries". Refusal 0x36d in FAIL form 0x36d3333 (Ping got no reply). ADR-0048.
उत्तरखण्डितम्	answer cut short (refusal 0x371)	error	owner-2026-10-08	Owner 2026-10-08 "0x371". Refusal 0x371 in FAIL form 0x3713333 (DNS response truncated, TC bit set). ADR-0048.
सन्धिप्रत्याख्यानम्	connection rejected (refusal 0x36e)	error	owner-2026-10-08	Owner 2026-10-08 "refusals: primaries". Refusal 0x36e in FAIL form 0x36e3333 (connection refused). ADR-0048. RESERVED for Phase 2: no code raises it yet.
प्रमाणपत्रनिषेधः	certificate refused (refusal 0x36f)	error	owner-2026-10-08	Owner 2026-10-08 "refusals: primaries". Refusal 0x36f in FAIL form 0x36f3333 (TLS verification failed). ADR-0048. RESERVED for Phase 2: no code raises it yet.
भारातिक्रमनिषेधः	payload limit passed (refusal 0x370)	error	owner-2026-10-08	Owner 2026-10-08 "refusals: primaries". Refusal 0x370 in FAIL form 0x3703333 (record too large). ADR-0048. RESERVED for Phase 2: no code raises it yet.
समान्तर	parallel	concept	owner-2026-10-10	Fork-join: the qualifier of the call-form member `समान्तरॱचालनम्`, never a keyword and no module (as `व्यूह` is none, ADR-0043 D1); `समान्तरॱचालनम् आरभ्य आरम्भः ऽ अन्तः ऽ वृत्तिः ऽ फलसूची समाप्तम्` runs `वृत्तिः (i, फलसूची)` for every i in [आरम्भः, अन्तः), serially on yantra. The member `चालनम्` is the existing word.
स्वतत्त्वबाह्यलेखननिषेधः	write beyond own element refused (refusal 0x372)	error	owner-2026-10-10	Owner 2026-10-10 "0x372" (the approved names, copied by script). Refusal 0x372 in FAIL form 0x3723333: a body wrote an element of its output run other than its own (or any other memory). Fork-join (`समान्तरॱचालनम्`).
परतत्त्वपठननिषेधः	read of another index's element refused (refusal 0x373)	error	owner-2026-10-10	Owner 2026-10-10 "0x373" (the approved names, copied by script). Refusal 0x373 in FAIL form 0x3733333: a body read an element of its output run other than its own. Fork-join (`समान्तरॱचालनम्`).
क्षेत्रान्तर्वितरणनिषेधः	allocation inside a region refused (refusal 0x374)	error	owner-2026-10-10	Owner 2026-10-10 "0x374" (the approved names, copied by script). Refusal 0x374 in FAIL form 0x3743333: a body allocated a record or a slice, or grew a run. Fork-join (`समान्तरॱचालनम्`).
अभ्यन्तरसमान्तरनिषेधः	nested parallel region refused (refusal 0x375)	error	owner-2026-10-10	Owner 2026-10-10 "0x375" (the approved names, copied by script). Refusal 0x375 in FAIL form 0x3753333: a body started a parallel region. Fork-join (`समान्तरॱचालनम्`).
क्षेत्रान्तःपत्रजालनिषेधः	file or network in a region refused (refusal 0x376)	error	owner-2026-10-10	Owner 2026-10-10 "0x376" (the approved names, copied by script). Refusal 0x376 in FAIL form 0x3763333: a body reached a file or a device window. Fork-join (`समान्तरॱचालनम्`).
फलपलायननिषेधः	result run escape refused (refusal 0x377)	error	owner-2026-10-10	Owner 2026-10-10 "0x377" (the approved names, copied by script). Refusal 0x377 in FAIL form 0x3773333: the output run is used in a body other than as the base of an index (a build refusal). Fork-join (`समान्तरॱचालनम्`).
क्षेत्रबाह्याह्वाननिषेधः	body called outside its region refused (refusal 0x37f)	error	owner-2026-10-10	Coordinator ruling 2026-10-10 "0x37F" (review). Refusal 0x37f in FAIL form 0x37f3333: a routine named as a region body is called outside its region (directly, from any routine, the body itself included); a build refusal. Fork-join (`समान्तरॱचालनम्`). 0x377 keeps its own meaning.
फलोपनामपठननिषेधः	result run read under another name refused (refusal 0x380)	error	derived	Builder primary (2026-10-10; range 0x380-0x383 claimed in the approved design; pending review). Refusal 0x380 in FAIL form 0x3803333, AT RUN TIME: an indexed read in a region body whose run is not the output parameter is the output run itself, reached by another name (a global set to it, a record's field); nil is no alias. the review's limit E (pE1). Fork-join (`समान्तरॱचालनम्`).
क्षेत्राशुद्धाह्वाननिषेधः	impure call within a region refused (refusal 0x381)	error	derived	Builder primary (2026-10-10; range 0x380-0x383 claimed; pending review). Refusal 0x381, a BUILD refusal: a routine reachable by calls from a region body writes a global, a field or a run element, reads a run element, allocates, changes an arena, starts a region or touches a file or device; or the body or such a routine calls another source's routine, a vector or matrix built-in, the output channel or the wait. the review's interprocedural limit (R10, R11, pE2). Fork-join (`समान्तरॱचालनम्`).
संश्लिष्टनामनिषेधः	routine declared under a synthesised name refused (refusal 0x382)	error	derived	Builder primary (2026-10-10; range 0x380-0x383 claimed; pending review). Refusal 0x382, a BUILD refusal: a routine declared under the label the build synthesises for that module (`खण्डवृद्धिः`, `आव्यूहगुणनम्`, `व्युत्क्रमः`, `खण्डसाम्यम्`, the region marker `समाप्तम्`, the arena routine `अन्यथा`), which the emitter refused as LabelCollision. the project's synthesised-names limit.
वाटनिर्माणम्	create an arena	concept	owner-2026-10-10	Owner 2026-10-10 (the vāṭa primaries, copied by script). Arenas, memory freeing stage 1: a call-form member of `अष्टक` (ADR-0043 D1), never a keyword, lowered inline by ir.t1: `अष्टकॱवाटनिर्माणम् क्षमता` answers a handle (the slot number, 0..255); the block is cut once from the record cursor.
वाटवितरणम्	allocate in an arena	concept	owner-2026-10-10	Owner 2026-10-10 (the vāṭa primaries, copied by script). Arenas, memory freeing stage 1: a call-form member of `अष्टक` (ADR-0043 D1), never a keyword, lowered inline by ir.t1: `अष्टकॱवाटवितरणम् आरभ्य हस्तः ऽ परिमाणम् समाप्तम्` answers a reference (30-bit offset, 8-bit slot, 26-bit generation).
वाटपठनम्	checked arena read	concept	owner-2026-10-10	Owner 2026-10-10 (the vāṭa primaries, copied by script). Arenas, memory freeing stage 1: a call-form member of `अष्टक` (ADR-0043 D1), never a keyword, lowered inline by ir.t1: (reference, offset, width 1/2/4/8 as a numeral) answers the octets, zero-extended; checked for generation and object bounds.
वाटलेखनम्	checked arena write	concept	owner-2026-10-10	Owner 2026-10-10 (the vāṭa primaries, copied by script). Arenas, memory freeing stage 1: a call-form member of `अष्टक` (ADR-0043 D1), never a keyword, lowered inline by ir.t1: (reference, offset, width 1/2/4/8 as a numeral, value); checked as the read is.
वाटप्रत्यावर्तनम्	reset an arena	concept	owner-2026-10-10	Owner 2026-10-10 (the vāṭa primaries, copied by script). Arenas, memory freeing stage 1: a call-form member of `अष्टक` (ADR-0043 D1), never a keyword, lowered inline by ir.t1: zeroes the used octets and moves the generation, so every older reference refuses (0x378).
वाटविसर्जनम्	destroy an arena	concept	owner-2026-10-10	Owner 2026-10-10 (the vāṭa primaries, copied by script). Arenas, memory freeing stage 1: a call-form member of `अष्टक` (ADR-0043 D1), never a keyword, lowered inline by ir.t1: zeroes the used octets, moves the generation and frees the slot; its block is kept for the next create that fits.
प्रत्यावृत्तवाटप्रयोगनिषेधः	arena reference after reset refused (refusal 0x378)	error	owner-2026-10-10	Owner 2026-10-10 (the vāṭa primaries, copied by script). Refusal 0x378 in FAIL form 0x3783333: a reference used after its arena was reset. Arenas (`अष्टकॱवाटनिर्माणम्` and its siblings).
विसृष्टवाटप्रयोगनिषेधः	arena reference after destroy refused (refusal 0x379)	error	owner-2026-10-10	Owner 2026-10-10 (the vāṭa primaries, copied by script). Refusal 0x379 in FAIL form 0x3793333: a reference used after its arena was destroyed. Arenas (`अष्टकॱवाटनिर्माणम्` and its siblings).
द्विर्विसर्जननिषेधः	destroyed or foreign arena handle refused (refusal 0x37a)	error	owner-2026-10-10	Owner 2026-10-10 (the vāṭa primaries, copied by script). Refusal 0x37a in FAIL form 0x37a3333: a handle whose slot is not live: a double destroy, a stale or never-created handle. Arenas (`अष्टकॱवाटनिर्माणम्` and its siblings).
वाटपूर्णतानिषेधः	arena full refused (refusal 0x37b)	error	owner-2026-10-10	Owner 2026-10-10 (the vāṭa primaries, copied by script). Refusal 0x37b in FAIL form 0x37b3333: an allocation past the arena capacity, a capacity or size of 2^30 or more, or a create past the record region. Arenas (`अष्टकॱवाटनिर्माणम्` and its siblings).
वाटवस्तुसीमानिषेधः	arena object bounds refused (refusal 0x37c)	error	owner-2026-10-10	Owner 2026-10-10 (the vāṭa primaries, copied by script). Refusal 0x37c in FAIL form 0x37c3333: offset + width past the object size (unsigned), or a reference past the used octets. Arenas (`अष्टकॱवाटनिर्माणम्` and its siblings).
वाटसङ्ख्यानिषेधः	arena slots exhausted refused (refusal 0x37d)	error	owner-2026-10-10	Owner 2026-10-10 (the vāṭa primaries, copied by script). Refusal 0x37d in FAIL form 0x37d3333: a create with all 256 slots live. Arenas (`अष्टकॱवाटनिर्माणम्` and its siblings).
वाटपीढिक्षयनिषेधः	arena generation exhausted refused (refusal 0x37e)	error	owner-2026-10-10	Owner 2026-10-10 (the vāṭa primaries, copied by script). Refusal 0x37e in FAIL form 0x37e3333: a reset or destroy of a slot at generation 2^26 - 1: it never wraps. Arenas (`अष्टकॱवाटनिर्माणम्` and its siblings).
