#	SANSOS lexicon — GENERATED by `cargo run -p lexgen`. Edit spec/lexicon.src.tsv.
#
#	One word, one sense (doc 01 §4 rule 5). Every diagnostic, every Sankriti
#	prompt and every document resolves its terms through this file, so a term
#	that means two things here means two things everywhere.
#
#	slp1 is generated by the sanskrit-text encoder (task A-019) and round-trips
#	back to the Devanagari byte-for-byte; iast is derived from slp1.
#
devanagari	slp1	iast	english	category	source	status	notes
अंश	aMSa	aṃśa	bit	concept	attested	proposed	
अंशगणना	aMSagaRanA	aṃśagaṇanā	population count	mnemonic	dhatu	proposed	
अकर्म	akarma	akarma	no-op	mnemonic	dhatu	proposed	
अक्षरम्	akzaram	akṣaram	akshara	type	derived	proposed	
अक्षररूप	akzararUpa	akṣararūpa	font	graphics	doc05	proposed	
अक्षररूपम्	akzararUpam	akṣararūpam	system font	name	doc17	proposed	
अक्षरविभागः	akzaraviBAgaH	akṣaravibhāgaḥ	akshara segmentation	terminal	doc04	proposed	
अक्षराणि	akzarARi	akṣarāṇi	aksharas of	terminal	doc04	proposed	
अङ्कः	aNkaH	aṅkaḥ	index open	keyword	attested	proposed	
अङ्कनम्	aNkanam	aṅkanam	rasterization	graphics	doc05	proposed	
अज्ञातनाम	ajYAtanAma	ajñātanāma	undefined symbol	error	derived	proposed	
अज्ञातसंज्ञा	ajYAtasaMjYA	ajñātasaṃjñā	unknown mnemonic	error	derived	proposed	
अतिप्रवाहः	atipravAhaH	atipravāhaḥ	overflow	error	derived	proposed	
अधिकम्	aDikam	adhikam	greater than	operator	doc15	proposed	
अधिकार	aDikAra	adhikāra	capability	concept	attested	proposed	
अधिकाराभावः	aDikArABAvaH	adhikārābhāvaḥ	capability denied	error	derived	proposed	
अधिष्ठाता	aDizWAtA	adhiṣṭhātā	supervisor	name	doc17	proposed	
अधिष्ठापनम्	aDizWApanam	adhiṣṭhāpanam	deployment	storage	doc08	proposed	
अनपेक्षितचिह्नम्	anapekzitacihnam	anapekṣitacihnam	unexpected token	error	derived	proposed	
अनिश्चितमूल्यम्	aniScitamUlyam	aniścitamūlyam	uninitialized	error	derived	proposed	
अनुक्रम	anukrama	anukrama	sequence	concept	attested	proposed	
अनुक्रमणिका	anukramaRikA	anukramaṇikā	index	storage	doc08	proposed	
अनुपलब्धम्	anupalabDam	anupalabdham	unavailable	error	derived	proposed	
अनुमतिः	anumatiH	anumatiḥ	permission	storage	doc08	proposed	
अनुमोदनम्	anumodanam	anumodanam	authorization	security	doc13,16	proposed	
अनुवर्तनम्	anuvartanam	anuvartanam	continue	keyword	attested	proposed	
अनुसूचकः	anusUcakaH	anusūcakaḥ	scheduler	kernel	doc11	proposed	
अन्तः	antaH	antaḥ	index close	keyword	attested	proposed	
अन्तरम्	antaram	antaram	delta	security	doc13,16	proposed	
अन्तर्गमनम्	antargamanam	antargamanam	inbound	network	doc06	proposed	
अन्यथा	anyaTA	anyathā	else	keyword	attested	proposed	
अन्वेषकः	anvezakaH	anveṣakaḥ	debugger	name	doc17	proposed	
अपप्रवाहः	apapravAhaH	apapravāhaḥ	underflow	error	derived	proposed	
अपवाद	apavAda	apavāda	exception	concept	attested	proposed	
अपूर्णवाक्यम्	apUrRavAkyam	apūrṇavākyam	unterminated statement	error	derived	proposed	
अपेक्षा	apekzA	apekṣā	requires, capability set	keyword	attested	proposed	
अर्थ	arTa	artha	argument register	register	derived	proposed	
अवतरणम्	avataraRam	avataraṇam	download	security	doc13,16	proposed	
अवस्था	avasTA	avasthā	state	concept	attested	proposed	
अवस्थानम्	avasTAnam	avasthānam	state directory	storage	doc08	proposed	
अवैधरूपम्	avEDarUpam	avaidharūpam	malformed	error	derived	proposed	
अव्यक्तम्	avyaktam	avyaktam	untyped memory	kernel	doc11	proposed	
अशुद्धाक्षरम्	aSudDAkzaram	aśuddhākṣaram	character outside repertoire	error	derived	proposed	
अष्टक	azwaka	aṣṭaka	byte	concept	attested	proposed	
अष्टकाः	azwakAH	aṣṭakāḥ	byte data	directive	attested	proposed	
अष्टाष्टकाः	azwAzwakAH	aṣṭāṣṭakāḥ	quad data	directive	attested	proposed	
असत्यम्	asatyam	asatyam	false	keyword	attested	proposed	
असमम्	asamam	asamam	not equal	operator	ADR-0026	proposed	T1's inequality operator, frozen from the corpus by ADR-0026. Replaces doc 15's proposed `विषमम्`, which no source writes.
असमर्थितम्	asamarTitam	asamarthitam	unsupported	error	derived	proposed	
असामान्यरूपम्	asAmAnyarUpam	asāmānyarūpam	not normalized	error	derived	proposed	
असुरक्षितम्	asurakzitam	asurakṣitam	unsafe	keyword	attested	proposed	
अस्थिर	asTira	asthira	volatile	keyword	attested	proposed	
अ१२८	a128	a128	i128	type	derived	proposed	
अ१६	a16	a16	i16	type	derived	proposed	
अ३२	a32	a32	i32	type	derived	proposed	
अ६४	a64	a64	i64	type	derived	proposed	
अ८	a8	a8	i8	type	derived	proposed	
आ	A	ā	range, up to	keyword	attested	proposed	
आकारणम्	AkAraRam	ākāraṇam	shaping	graphics	doc05	proposed	
आज्ञा	AjYA	ājñā	instruction	concept	attested	proposed	
आज्ञापनम्	AjYApanam	ājñāpanam	system call	mnemonic	dhatu	proposed	
आदि	Adi	ādi	begin	keyword	attested	proposed	
आदिकर्ता	AdikartA	ādikartā	root task	kernel	doc11	proposed	
आयातः	AyAtaH	āyātaḥ	import	keyword	attested	proposed	
आरभ्य	AraBya	ārabhya	group open	keyword	attested	proposed	
आरम्भकः	AramBakaH	ārambhakaḥ	bootloader	name	doc17	proposed	
आवण्टकः	AvaRwakaH	āvaṇṭakaḥ	allocator	kernel	doc11	proposed	
आहारः	AhAraH	āhāraḥ	load	mnemonic	dhatu	proposed	
आह्वानम्	AhvAnam	āhvānam	call	mnemonic	dhatu	proposed	
इति	iti	iti	end, thus	keyword	attested	proposed	
इति सूचिः	iti sUciH	iti sūciḥ	in list	keyword	attested	proposed	
उक्तम्	uktam	uktam	string open	keyword	attested	proposed	
उपयोक्ता	upayoktA	upayoktā	user	storage	doc08	proposed	
उपसर्गे	upasarge	upasarge	at base address	directive	attested	proposed	
ऋण	fRa	ṛṇa	negative	operator	doc15	proposed	
एतत्	etat	etat	Self type	keyword	attested	proposed	
कच्चा	kaccA	kaccā	raw asm	keyword	attested	proposed	
कर्म	karma	karma	operation	concept	attested	proposed	
कारक	kAraka	kāraka	operand	concept	attested	proposed	
काल	kAla	kāla	column	terminal	doc04	proposed	
कालखण्डः	kAlaKaRqaH	kālakhaṇḍaḥ	time slice	kernel	doc11	proposed	
कालमुद्रा	kAlamudrA	kālamudrā	timestamp	media	doc10	proposed	
कालातीतम्	kAlAtItam	kālātītam	timed out	error	derived	proposed	
कुञ्जिका	kuYjikA	kuñjikā	key, button	terminal	doc04	proposed	
कुञ्जी	kuYjI	kuñjī	key	security	doc13,16	proposed	
केवलपठनम्	kevalapaWanam	kevalapaṭhanam	read-only	directive	attested	proposed	
कोश	koSa	kośa	storage	concept	attested	proposed	
कोशः	koSaH	kośaḥ	object format	name	doc17	proposed	
कोशतन्त्रम्	koSatantram	kośatantram	filesystem, the concept	storage	doc08	proposed	
कोशागारम्	koSAgAram	kośāgāram	content store	storage	doc08	proposed	
कोष्ठ	kozWa	koṣṭha	register	concept	attested	proposed	
कोष्ठक	kozWaka	koṣṭhaka	directory	concept	attested	proposed	
कोष्ठकम्	kozWakam	koṣṭhakam	section	directive	attested	proposed	
क्रम	krama	krama	order	concept	attested	proposed	
क्रमसूचकः	kramasUcakaH	kramasūcakaḥ	program counter	register	derived	proposed	
क्रमिकम्	kramikam	kramikam	sequential	kernel	doc11	proposed	
क्रिया	kriyA	kriyā	opcode	concept	attested	proposed	
क्षणिक	kzaRika	kṣaṇika	temporary register	register	derived	proposed	
क्षणिकम्	kzaRikam	kṣaṇikam	temporary	storage	doc08	proposed	
खण्डनम्	KaRqanam	khaṇḍanam	fragmentation	network	doc06	proposed	
गणना	gaRanA	gaṇanā	enum	keyword	attested	proposed	
गर्भः	garBaH	garbhaḥ	kernel	name	doc17	proposed	
गवाक्ष	gavAkza	gavākṣa	window	concept	attested	proposed	
गवाक्षः	gavAkzaH	gavākṣaḥ	browser	name	doc17	proposed	
गुणधर्मः	guRaDarmaH	guṇadharmaḥ	attribute	storage	doc08	proposed	
गुणनम्	guRanam	guṇanam	multiply	mnemonic+operator	dhatu	proposed	ADR-0028: also T1's multiplication operator (`mul_op`). Doc 15's proposed `गुण` is retired — unwritten by any source.
गृहम्	gfham	gṛham	home directory	storage	doc08	proposed	
गोपनम्	gopanam	gopanam	encryption	network	doc06	proposed	
गोवर्धनः	govarDanaH	govardhanaḥ	Govardhan	name	doc17	proposed	
ग्रहणम्	grahaRam	grahaṇam	receive	network+kernel	doc06	proposed	
घटना	GawanA	ghaṭanā	event	concept	attested	proposed	
च	ca	ca	and	operator	doc15	proposed	
चतुरष्टकाः	caturazwakAH	caturaṣṭakāḥ	word data	directive	attested	proposed	
चर	cara	cara	variable	concept	attested	proposed	
चरः	caraH	caraḥ	var	keyword	attested	proposed	
चित्रम्	citram	citram	graphics	name	doc17	proposed	
चिह्न	cihna	cihna	label	concept	attested	proposed	
चिह्नकः	cihnakaH	cihnakaḥ	cursor	terminal	doc04	proposed	
चौखटदरः	cOKawadaraH	caukhaṭadaraḥ	frame rate	media	doc10	proposed	
चौखटम्	cOKawam	caukhaṭam	frame	graphics	doc05	proposed	
छेदनम्	Cedanam	chedanam	clip	graphics	doc05	proposed	
जागरणम्	jAgaraRam	jāgaraṇam	wake	kernel	doc11	proposed	
जाल	jAla	jāla	network	concept	attested	proposed	
जालतन्त्रम्	jAlatantram	jālatantram	network stack, the concept	network	doc06	proposed	
जालम्	jAlam	jālam	Jala, the SANSOS network stack	name	doc17	proposed	
ततः	tataH	tataḥ	then, match arm	keyword	attested	proposed	
तन्तु	tantu	tantu	thread	concept	attested	proposed	
तन्तुसूचकः	tantusUcakaH	tantusūcakaḥ	thread pointer	register	derived	proposed	
तन्त्रम्	tantram	tantram	system directory	storage	doc08	proposed	
तालम्	tAlam	tālam	lock	kernel	doc11	proposed	
तुलना	tulanA	tulanā	compare	mnemonic	dhatu	proposed	
दक्षिणभ्रमणम्	dakziRaBramaRam	dakṣiṇabhramaṇam	rotate right	mnemonic	dhatu	proposed	
दक्षिणसरणम्	dakziRasaraRam	dakṣiṇasaraṇam	shift right (T0 mnemonic)	mnemonic	dhatu	proposed	
दक्षिणसृ	dakziRasf	dakṣiṇasṛ	shift right (T1 operator)	operator	doc15	proposed	
दर्शनम्	darSanam	darśanam	render engine	name	doc17	proposed	
दैर्घ्य	dErGya	dairghya	length	concept	attested	proposed	
दोष	doza	doṣa	fault	concept	attested	proposed	
दोषः	dozaH	doṣaḥ	error	keyword	attested	proposed	
दोषयुक्त	dozayukta	doṣayukta	error union	type	derived	proposed	
द्वयष्टकाः	dvayazwakAH	dvayaṣṭakāḥ	half-word data	directive	attested	proposed	
द्वार	dvAra	dvāra	port	concept	attested	proposed	
द्वारदास	dvAradAsa	dvāradāsa	pty slave	terminal	doc04	proposed	
द्वारपट्टिका	dvArapawwikA	dvārapaṭṭikā	terminal device	terminal	doc04	proposed	
द्वारपालः	dvArapAlaH	dvārapālaḥ	terminal	name	doc17	proposed	
द्वारयुग्म	dvArayugma	dvārayugma	pty pair	terminal	doc04	proposed	
द्वारस्वामी	dvArasvAmI	dvārasvāmī	pty master	terminal	doc04	proposed	
द्विरुक्तनाम	dviruktanAma	dviruktanāma	duplicate symbol	error	derived	proposed	
धारा	DArA	dhārā	stream	media	doc10	proposed	
धाराविश्लेषकः	DArAviSlezakaH	dhārāviśleṣakaḥ	demuxer	media	doc10	proposed	
ध्रुव	Druva	dhruva	constant	concept	attested	proposed	
ध्रुवः	DruvaH	dhruvaḥ	const	keyword	attested	proposed	
ध्वज	Dvaja	dhvaja	flag	concept	attested	proposed	
न	na	na	not	operator	doc15	proposed	
न प्राप्तम्	na prAptam	na prāptam	not found	error	derived	proposed	
नवीकरणम्	navIkaraRam	navīkaraṇam	OTA update	name	doc17	proposed	
नादः	nAdaH	nādaḥ	media stack	name	doc17	proposed	
नादपटलम्	nAdapawalam	nādapaṭalam	audio device	media	doc10	proposed	
नादरूपतन्त्रम्	nAdarUpatantram	nādarūpatantram	media system	media	doc10	proposed	
नाभिः	nABiH	nābhiḥ	nucleus	kernel	doc11	proposed	
नाम	nAma	nāma	name	directive	attested	proposed	
नामनिर्देशः	nAmanirdeSaH	nāmanirdeśaḥ	DNS	network	doc06	proposed	
नामपरिवर्तनम्	nAmaparivartanam	nāmaparivartanam	rename	storage	doc08	proposed	
नामाङ्कितः	nAmANkitaH	nāmāṅkitaḥ	labelled	keyword	attested	proposed	
नालन्दा	nAlandA	nālandā	Nalanda	name	doc17	proposed	
निधानम्	niDAnam	nidhānam	store	mnemonic	dhatu	proposed	
निधिः	niDiH	nidhiḥ	Nidhi, the SANSOS filesystem	name	doc17	proposed	
नियन्ता	niyantA	niyantā	shell	name	doc17	proposed	
नियन्त्रणम्	niyantraRam	niyantraṇam	playback control	media	doc10	proposed	
निर्गमः	nirgamaH	nirgamaḥ	port out	mnemonic	dhatu	proposed	
आगमः	AgamaH	āgamaḥ	device input domain	mnemonic	derived	proposed	आ+√गम् (coming in); the fence domain RISC-V spells `i` (B-045)
पठनम्	paWanam	paṭhanam	memory read domain	mnemonic	derived	proposed	√पठ् (to read) + अनम्; the fence domain RISC-V spells `r` (B-045)
लेखनम्	leKanam	lekhanam	memory write domain	mnemonic	derived	proposed	√लिख् (to write) + अनम्; the fence domain RISC-V spells `w` (B-045)
निर्गमद्वारम्	nirgamadvAram	nirgamadvāram	sink, output	media	doc10	proposed	
निर्देश	nirdeSa	nirdeśa	directive	concept	attested	proposed	
निर्माता	nirmAtA	nirmātā	build system	name	doc17	proposed	
निवेशः	niveSaH	niveśaḥ	port in	mnemonic	dhatu	proposed	
निश्चयः	niScayaH	niścayaḥ	assert	keyword	attested	proposed	
निषिद्धम्	nizidDam	niṣiddham	forbidden	error	derived	proposed	
नूतनम्	nUtanam	nūtanam	new, allocate	kernel	doc11	proposed	
न्यूनम्	nyUnam	nyūnam	less than	operator	doc15	proposed	
न्यूनसमम्	nyUnasamam	nyūnasamam	less or equal	operator	doc15	proposed	
न्यूनाधिकारः	nyUnADikAraH	nyūnādhikāraḥ	attenuation	security	doc13,16	proposed	
न१	na1	na1	u1 bitfield	type	derived	proposed	
न१२८	na128	na128	u128	type	derived	proposed	
न१६	na16	na16	u16	type	derived	proposed	
न२	na2	na2	u2 bitfield	type	derived	proposed	
न२२	na22	na22	u22 bitfield	type	derived	proposed	
न३२	na32	na32	u32	type	derived	proposed	
न६	na6	na6	u6 bitfield	type	derived	proposed	
न६४	na64	na64	u64	type	derived	proposed	
न८	na8	na8	u8	type	derived	proposed	
पङ्क्ति	paNkti	paṅkti	row	terminal	doc04	proposed	
पङ्क्तिविन्यासः	paNktivinyAsaH	paṅktivinyāsaḥ	line layout	graphics	doc05	proposed	
पटलम्	pawalam	paṭalam	display device	graphics	doc05	proposed	
पठ	paWa	paṭha	read	terminal	doc04	proposed	
पठनलेखनम्	paWanaleKanam	paṭhanalekhanam	read-write	directive	attested	proposed	
पत्र	patra	patra	file	concept	attested	proposed	
पद	pada	pada	machine word	concept	attested	proposed	
परमाणु	paramARu	paramāṇu	atomic	keyword	attested	proposed	
परमाणुतुलनाविनिमयः	paramARutulanAvinimayaH	paramāṇutulanāvinimayaḥ	compare and swap	mnemonic	dhatu	proposed	
परमाणुपठनम्	paramARupaWanam	paramāṇupaṭhanam	atomic load	mnemonic	dhatu	proposed	
परमाणुलेखनम्	paramARuleKanam	paramāṇulekhanam	atomic store	mnemonic	dhatu	proposed	
परमाणुविनिमयः	paramARuvinimayaH	paramāṇuvinimayaḥ	atomic exchange	mnemonic	dhatu	proposed	
परिमाण	parimARa	parimāṇa	size	concept	attested	proposed	
परिवृत्तअधि	parivfttaaDi	parivṛttaadhi	wrapping plus	concept	doc15	proposed	
परिवृत्तयोगः	parivfttayogaH	parivṛttayogaḥ	wrapping add	mnemonic	dhatu	proposed	
परिवेष्टन	parivezwana	pariveṣṭana	sandbox	concept	attested	proposed	
परिष्कारः	parizkAraH	pariṣkāraḥ	post-process	media	doc10	proposed	
परीक्षा	parIkzA	parīkṣā	test	keyword+name	attested	proposed	
परीक्षायोगः	parIkzAyogaH	parīkṣāyogaḥ	checksum	network	doc06	proposed	
पाठ	pAWa	pāṭha	string	type	derived	proposed	ADR-0029: T1's `type_name`. Spelled `पाठः` until 2026-08-31; the corpus writes the stem 26 to 2 in the one type position `binding` freezes, and doc 01 §4 rule 5 forbids carrying both words for this one sense.
पारदर्शिता	pAradarSitA	pāradarśitā	opacity	graphics	doc05	proposed	
पिण्ड	piRqa	piṇḍa	packet	concept	attested	proposed	
पिण्डधारा	piRqaDArA	piṇḍadhārā	object stream	terminal	doc04	proposed	
पुनःनमूनाकरणम्	punaHnamUnAkaraRam	punaḥnamūnākaraṇam	resampling	media	doc10	proposed	
पुनःप्रयत्नः	punaHprayatnaH	punaḥprayatnaḥ	retry	error	derived	proposed	
पुनःसंयोजनम्	punaHsaMyojanam	punaḥsaṃyojanam	reassembly	network	doc06	proposed	
पुनःस्थानम्	punaHsTAnam	punaḥsthānam	return address	register	derived	proposed	
पुनरारम्भः	punarAramBaH	punarārambhaḥ	restart	security	doc13,16	proposed	
पुनरावृत्तिः	punarAvfttiH	punarāvṛttiḥ	repeat	directive	attested	proposed	
पुनरुद्धारम्	punarudDAram	punaruddhāram	trash, restore	storage	doc08	proposed	
पूर्णक्रमेण	pUrRakrameRa	pūrṇakrameṇa	by total order	operator	doc15	proposed	
पूर्णम्	pUrRam	pūrṇam	full	error	derived	proposed	
पृष्ठकः	pfzWakaH	pṛṣṭhakaḥ	pager	kernel	doc11	proposed	
पृष्ठदोषः	pfzWadozaH	pṛṣṭhadoṣaḥ	page fault	kernel	doc11	proposed	
पृष्ठम्	pfzWam	pṛṣṭham	surface	graphics	doc05	proposed	
प्रकारः	prakAraH	prakāraḥ	type	keyword	attested	proposed	
प्रकारभेदः	prakAraBedaH	prakārabhedaḥ	type mismatch	error	derived	proposed	
प्रक्रिया	prakriyA	prakriyā	process	concept	attested	proposed	
प्रतिध्वनिः	pratiDvaniH	pratidhvaniḥ	echo	terminal	doc04	proposed	
प्रतिबिम्बम्	pratibimbam	pratibimbam	snapshot	security	doc13,16	proposed	
प्रतिलिपिः	pratilipiH	pratilipiḥ	copy	storage	doc08	proposed	
प्रतीक्षा	pratIkzA	pratīkṣā	wait	kernel	doc11	proposed	
प्रत्यागमनम्	pratyAgamanam	pratyāgamanam	return	mnemonic+keyword	dhatu	proposed	
प्रत्यायनम्	pratyAyanam	pratyāyanam	commit	security	doc13,16	proposed	
प्रत्यावर्तनम्	pratyAvartanam	pratyāvartanam	rollback	security	doc13,16	proposed	
प्रत्येकम्	pratyekam	pratyekam	for	keyword	attested	proposed	
प्रदेशः	pradeSaH	pradeśaḥ	region, area	graphics	doc05	proposed	
प्रमाणपत्रम्	pramARapatram	pramāṇapatram	certificate	network	doc06	proposed	
प्रमाणम्	pramARam	pramāṇam	attestation	security	doc13,16	proposed	
प्रयत्नः	prayatnaH	prayatnaḥ	try	keyword	attested	proposed	
प्रवाहनियन्त्रणम्	pravAhaniyantraRam	pravāhaniyantraṇam	flow control	network	doc06	proposed	
प्रवेशः	praveSaH	praveśaḥ	input method	name	doc17	proposed	
प्राकारः	prAkAraH	prākāraḥ	capability layer	name	doc17	proposed	
प्राथमिकता	prATamikatA	prāthamikatā	priority	kernel	doc11	proposed	
प्रेषणम्	prezaRam	preṣaṇam	send	network	doc06	proposed	
फलम्	Palam	phalam	result, return type	keyword	attested	proposed	
बहिर्गमनम्	bahirgamanam	bahirgamanam	outbound	network	doc06	proposed	
बाह्यम्	bAhyam	bāhyam	outer label	keyword	attested	proposed	
बिन्दु	bindu	bindu	pixel	concept	attested	proposed	
बृहत्समम्	bfhatsamam	bṛhatsamam	greater or equal	operator	ADR-0037	proposed	T1’s greater-or-equal, frozen from the corpus by ADR-0037; vakyavibhaga.t1:3163 has written it since 2026-08-29. Replaces doc 15’s proposed `अधिकसमम्`, which no source writes.
बूल	bUla	būla	bool	type	derived	proposed	
भग्नम्	Bagnam	bhagnam	corrupted	error	derived	proposed	
भङ्गः	BaNgaH	bhaṅgaḥ	break	keyword	attested	proposed	
भवति	Bavati	bhavati	assign, becomes	operator	doc15	proposed	
भागः	BAgaH	bhāgaḥ	divide	mnemonic	dhatu	proposed	T0 only. T1 spells division `विभाजनम्` (ADR-0026), which is the word its corpus writes; doc 15's proposed `भाग` is retired. The two tiers differ here and ADR-0028 says so rather than respelling a frozen T0 mnemonic.
भाण्डारम्	BARqAram	bhāṇḍāram	file browser	name	doc17	proposed	
भारः	BAraH	bhāraḥ	payload	network	doc06	proposed	
भिन्न	Binna	bhinna	float register	register	derived	proposed	
भीडनियन्त्रणम्	BIqaniyantraRam	bhīḍaniyantraṇam	congestion control	network	doc06	proposed	
भ३२	Ba32	bha32	f32	type	derived	proposed	
भ६४	Ba64	bha64	f64	type	derived	proposed	
मण्डपः	maRqapaH	maṇḍapaḥ	compositor	name	doc17	proposed	
मण्डलम्	maRqalam	maṇḍalam	module	keyword	attested	proposed	
मात्रा	mAtrA	mātrā	quantity	concept	attested	proposed	
मार्गः	mArgaH	mārgaḥ	route, IP layer	network	doc06	proposed	
मिश्रणम्	miSraRam	miśraṇam	mixing	media	doc10	proposed	
मुक्तिः	muktiH	muktiḥ	free	kernel	doc11	proposed	
मूलम्	mUlam	mūlam	root of trust	security	doc13,16	proposed	
मूल्य	mUlya	mūlya	value	concept	attested	proposed	
मोचनम्	mocanam	mocanam	release	kernel	doc11	proposed	
यदि	yadi	yadi	if	keyword	attested	proposed	
यदिलङ्घनम्	yadilaNGanam	yadilaṅghanam	conditional branch	mnemonic	dhatu	proposed	
यन्त्र	yantra	yantra	device	concept	attested	proposed	
यन्त्राणि	yantrARi	yantrāṇi	devices	storage	doc08	proposed	
यावत्	yAvat	yāvat	while	keyword	attested	proposed	
युक्	yuk	yuk	bitwise and (T1 operator)	operator	doc15	proposed	
युक्तम्	yuktam	yuktam	bitwise and (T0 mnemonic)	mnemonic	dhatu	proposed	
युग्म	yugma	yugma	pair	concept	attested	proposed	
योगः	yogaH	yogaḥ	add	mnemonic+operator	dhatu	proposed	ADR-0028: also T1's addition operator (`add_op`). Doc 15 proposed `अधि` for the T1 sense; no source writes it and ADR-0026 froze this word from the corpus, so the two tiers spell addition alike.
रक्षा	rakzA	rakṣā	defer	keyword	attested	proposed	
रक्षातन्त्रम्	rakzAtantram	rakṣātantram	security system	security	doc13,16	proposed	
राशि	rASi	rāśi	heap	concept	attested	proposed	
रिक्तः	riktaH	riktaḥ	null, none	keyword	attested	proposed	
रिक्तप्रवेशः	riktapraveSaH	riktapraveśaḥ	null access	error	derived	proposed	
रिक्तम्	riktam	riktam	empty	error	derived	proposed	
रूपकम्	rUpakam	rūpakam	widget	graphics	doc05	proposed	
रूपम्	rUpam	rūpam	codec suite	name	doc17	proposed	
रूपान्तरणम्	rUpAntaraRam	rūpāntaraṇam	transform	graphics	doc05	proposed	
रेखा	reKA	rekhā	line, stroke	graphics	doc05	proposed	
रेखानुशासनम्	reKAnuSAsanam	rekhānuśāsanam	line discipline	terminal	doc04	proposed	
लक्ष्यम्	lakzyam	lakṣyam	target	security	doc13,16	proposed	
लङ्घनम्	laNGanam	laṅghanam	jump	mnemonic	dhatu	proposed	
लिपिखण्डः	lipiKaRqaH	lipikhaṇḍaḥ	script run	graphics	doc05	proposed	
लेखनी	leKanI	lekhanī	lexer	terminal	doc04	proposed	
लेखय	leKaya	lekhaya	write	terminal	doc04	proposed	
वर्ग	varga	varga	square, class	concept	attested	proposed	
वर्गमूलम्	vargamUlam	vargamūlam	square root	mnemonic	dhatu	proposed	
वर्णः	varRaH	varṇaḥ	text shaper	name	doc17	proposed	
वर्णपटलम्	varRapawalam	varṇapaṭalam	palette	graphics	doc05	proposed	
वर्तिका	vartikA	vartikā	brush	graphics	doc05	proposed	
वा	vA	vā	or	operator	doc15	proposed	
वामभ्रमणम्	vAmaBramaRam	vāmabhramaṇam	rotate left	mnemonic	dhatu	proposed	
वामसरणम्	vAmasaraRam	vāmasaraṇam	shift left (T0 mnemonic)	mnemonic	dhatu	proposed	
वामसृ	vAmasf	vāmasṛ	shift left (T1 operator)	operator	doc15	proposed	
वास्तु	vAstu	vāstu	Sassembly-web	name	doc17	proposed	
विकल्प	vikalpa	vikalpa	bitwise or (T1 operator)	operator	doc15	proposed	
विकल्पः	vikalpaH	vikalpaḥ	bitwise or (T0 mnemonic)	mnemonic	dhatu	proposed	
विकल्पना	vikalpanA	vikalpanā	match	keyword	attested	proposed	
विकोडकः	vikoqakaH	vikoḍakaḥ	decoder	media	doc10	proposed	
विघ्न	viGna	vighna	interrupt	concept	attested	proposed	
विघ्नग्राहकः	viGnagrAhakaH	vighnagrāhakaḥ	IRQ handler	kernel	doc11	proposed	
विघ्नप्रत्यागमः	viGnapratyAgamaH	vighnapratyāgamaḥ	return from interrupt	mnemonic	dhatu	proposed	
विघ्नवृत्तिः	viGnavfttiH	vighnavṛttiḥ	interrupt fn	keyword	attested	proposed	
विघ्नसमाप्तिः	viGnasamAptiH	vighnasamāptiḥ	end of interrupt	mnemonic	dhatu	proposed	
विच्छिन्नम्	vicCinnam	vicchinnam	disconnected	error	derived	proposed	
विन्यास	vinyAsa	vinyāsa	layout	concept	attested	proposed	
विभाजनम्	viBAjanam	vibhājanam	divided by	operator	ADR-0026	proposed	Frozen from the corpus by ADR-0026. T0's divide mnemonic is `भागः`; doc 15's proposed `भाग` is retired.
वियोगः	viyogaH	viyogaḥ	subtract	mnemonic+operator	dhatu	proposed	ADR-0028: also T1's subtraction operator (`add_op`). Doc 15's proposed `ऊन` is retired — unwritten by any source.
विरचनम्	viracanam	viracanam	stage	security	doc13,16	proposed	
विरामः	virAmaH	virāmaḥ	halt	mnemonic	dhatu	proposed	
विरुद्धम्	virudDam	viruddham	conflict	error	derived	proposed	
विलम्बः	vilambaH	vilambaḥ	latency	network	doc06	proposed	
विलोपनम्	vilopanam	vilopanam	delete	storage	doc08	proposed	
विश्वसूचकः	viSvasUcakaH	viśvasūcakaḥ	global pointer	register	derived	proposed	
विश्वासः	viSvAsaH	viśvāsaḥ	trust	security	doc13,16	proposed	
विषम	vizama	viṣama	bitwise xor (T1 operator)	operator	doc15	proposed	
विषयः	vizayaH	viṣayaḥ	deref	keyword	attested	proposed	
विस्तार	vistAra	vistāra	extent	concept	attested	proposed	
विस्तारय	vistAraya	vistāraya	widening cast	mnemonic	dhatu	proposed	
वृत्ति	vftti	vṛtti	function	concept	attested	proposed	
वृत्तिः	vfttiH	vṛttiḥ	fn	keyword	attested	proposed	
वृत्तिस्थानम्	vfttisTAnam	vṛttisthānam	function pointer	keyword	attested	proposed	
वैश्विकम्	vESvikam	vaiśvikam	global	directive	attested	proposed	
वैषम्यम्	vEzamyam	vaiṣamyam	bitwise xor (T0 mnemonic)	mnemonic	dhatu	proposed	
व्यत्यय	vyatyaya	vyatyaya	bitwise not (T1 operator)	operator	doc15	proposed	
व्यत्ययः	vyatyayaH	vyatyayaḥ	bitwise not (T0 mnemonic)	mnemonic	dhatu	proposed	
शीर्षकम्	SIrzakam	śīrṣakam	header	network	doc06	proposed	
शून्यः	SUnyaH	śūnyaḥ	hardwired zero	register	derived	proposed	
शून्यम्	SUnyam	śūnyam	void	keyword	attested	proposed	
शून्येनभागः	SUnyenaBAgaH	śūnyenabhāgaḥ	division by zero	error	derived	proposed	
शेषः	SezaH	śeṣaḥ	remainder	mnemonic+operator	dhatu	proposed	T0 rem, and since ADR-0037 T1’s modulo operator — encode.t1:647, :676 write it between two operands. Replaces doc 15’s proposed `शेष`, which no source writes. The corpus writes `शेषम्` far more often, but every one of those is a local variable holding a remainder, not the operator.
श्रोता	SrotA	śrotā	listener	network	doc06	proposed	
संकलन	saMkalana	saṃkalana	compilation	concept	attested	proposed	
संकुचय	saMkucaya	saṃkucaya	narrowing cast	mnemonic	dhatu	proposed	
संकेतः	saMketaH	saṃketaḥ	signal	terminal	doc04	proposed	
संख्यानम्	saMKyAnam	saṃkhyānam	count	concept	attested	proposed	
संग्रहः	saMgrahaH	saṃgrahaḥ	package system	name	doc17	proposed	
संघः	saMGaH	saṃghaḥ	union	keyword	attested	proposed	
संचारः	saMcAraH	saṃcāraḥ	move between registers	mnemonic	dhatu	proposed	
संज्ञा	saMjYA	saṃjñā	mnemonic	concept	attested	proposed	
संयोजन	saMyojana	saṃyojana	linking	concept	attested	proposed	
संरचना	saMracanA	saṃracanā	struct	keyword	attested	proposed	
संरेखः	saMreKaH	saṃrekhaḥ	align	directive	attested	proposed	
संरेखितम्	saMreKitam	saṃrekhitam	aligned	kernel	doc11	proposed	
संलग्नम्	saMlagnam	saṃlagnam	mount point	storage	doc08	proposed	
संस्कारः	saMskAraH	saṃskāraḥ	patch	security	doc13,16	proposed	
संस्कृति	saMskfti	saṃskṛti	Sankriti	name	doc17	proposed	
संहतसंरचना	saMhatasaMracanA	saṃhatasaṃracanā	packed struct	keyword	attested	proposed	
संहतिः	saMhatiH	saṃhatiḥ	composite	graphics	doc05	proposed	
सङ्केतशास्त्रम्	saNketaSAstram	saṅketaśāstram	cryptography	security	doc13,16	proposed	
सञ्जीवनी	saYjIvanI	sañjīvanī	hot patching	name	doc17	proposed	
सत्यम्	satyam	satyam	true	keyword	attested	proposed	
सन्दर्भपरिवर्तनम्	sandarBaparivartanam	sandarbhaparivartanam	context switch	kernel	doc11	proposed	
सन्देश	sandeSa	sandeśa	message	concept	attested	proposed	
सन्धिः	sanDiH	sandhiḥ	connection	network	doc06	proposed	
सन्सोस्	sansos	sansos	SANSOS	name	doc17	proposed	
समकालनम्	samakAlanam	samakālanam	synchronization	media	doc10	proposed	
समम्	samam	samam	equal	operator	doc15	proposed	
समयकृत	samayakfta	samayakṛta	comptime	keyword	attested	proposed	
समानम्	samAnam	samānam	equ directive	directive	attested	proposed	
समाप्तम्	samAptam	samāptam	group close	keyword	attested	proposed	
समावेशः	samAveSaH	samāveśaḥ	include	directive	attested	proposed	
समूह	samUha	samūha	set	concept	attested	proposed	
सम्बन्धः	sambanDaH	sambandhaḥ	link layer	network	doc06	proposed	
सम्भाव्य	samBAvya	sambhāvya	optional	type	derived	proposed	
सस्सेम्बली	sassembalI	sassembalī	Sassembly	name	doc17	proposed	
साक्षी	sAkzI	sākṣī	transparency log	name	doc17	proposed	
साक्ष्यम्	sAkzyam	sākṣyam	witness, attest	security	doc13,16	proposed	
साधनम्	sADanam	sādhanam	toolchain	name	doc17	proposed	
सारः	sAraH	sāraḥ	hash, digest	security	doc13,16	proposed	
सार्वजनिक	sArvajanika	sārvajanika	pub	keyword	attested	proposed	
सीमा	sImA	sīmā	limit	concept	attested	proposed	
सीमातिक्रमः	sImAtikramaH	sīmātikramaḥ	index out of bounds	error	derived	proposed	
सूचक	sUcaka	sūcaka	pointer	concept	attested	proposed	
सूचना	sUcanA	sūcanā	notification	kernel	doc11	proposed	
सूची	sUcI	sūcī	list	concept	attested	proposed	
स्तूप	stUpa	stūpa	stack	concept	attested	proposed	
स्तूपसूचकः	stUpasUcakaH	stūpasūcakaḥ	stack pointer	register	derived	proposed	
स्तूपापहारः	stUpApahAraH	stūpāpahāraḥ	pop	mnemonic	dhatu	proposed	
स्तूपारोपः	stUpAropaH	stūpāropaḥ	push	mnemonic	dhatu	proposed	
स्थगितम्	sTagitam	sthagitam	deferred	error	derived	proposed	
स्थान	sTAna	sthāna	address	concept	attested	proposed	
स्थानम्	sTAnam	sthānam	pointer type	type	derived	proposed	
स्थानान्तरणम्	sTAnAntaraRam	sthānāntaraṇam	move a file	storage	doc08	proposed	
स्थानाभावः	sTAnABAvaH	sthānābhāvaḥ	out of memory	error	derived	proposed	
स्थानीयम्	sTAnIyam	sthānīyam	local	directive	attested	proposed	
स्थिर	sTira	sthira	callee-saved register	register	derived	proposed	
स्पन्दः	spandaH	spandaḥ	script engine	name	doc17	proposed	
स्मृति	smfti	smṛti	memory	concept	attested	proposed	
स्मृतिक्षेत्रम्	smftikzetram	smṛtikṣetram	address space	kernel	doc11	proposed	
स्मृतिबन्धः	smftibanDaH	smṛtibandhaḥ	memory barrier	mnemonic	dhatu	proposed	
स्मृत्यभावः	smftyaBAvaH	smṛtyabhāvaḥ	allocation failed	error	derived	proposed	
स्वयम्	svayam	svayam	self	keyword	attested	proposed	
हस्तमेलनम्	hastamelanam	hastamelanam	handshake	network	doc06	proposed	
हस्ताक्षरम्	hastAkzaram	hastākṣaram	signature	security	doc13,16	proposed	
ऽ	'	’	argument separator	sign	ADR-0003	proposed	
ॐ	$	oṃ	file invocation	sign	ADR-0003	proposed	
।	|	|	statement terminator	sign	ADR-0003	proposed	
॥	&	||	directive terminator	sign	ADR-0003	proposed	
॰	@	॰	comment, escape	sign	ADR-0003	proposed	
ॱ	.	.	member access	sign	ADR-0003	proposed	
ॱॱ	..	..	type or label annotation	sign	ADR-0003	proposed	
उपरिभारः	upariBAraH	uparibhāraḥ	load upper immediate	mnemonic	derived	proposed	उपरि (upper) + भारः (load); the immediate lands in the high bits
उपरिगुणनम्	upariguRanam	upariguṇanam	high multiplication	mnemonic	derived	proposed	उपरि (upper) + गुणनम्; the high half of a product, as उपरिभारः is the high half of an immediate
भिन्नसमम्	Binnasamam	bhinnasamam	float equal	mnemonic	derived	proposed	भिन्न + समम् (doc 15's equality operator)
भिन्नन्यूनम्	BinnanyUnam	bhinnanyūnam	float less than	mnemonic	derived	proposed	भिन्न + न्यूनम् (doc 15's less-than)
भिन्नानधिकम्	BinnAnaDikam	bhinnānadhikam	float not greater than	mnemonic	derived	proposed	भिन्न + अ (privative) + अधिकम् (doc 15's greater-than); not-greater is <=, the negation ADR-0008 uses for branches. The अ+अ join is savarṇa-dīrgha (6.1.101)
भिन्नगुणवियोगः	BinnaguRaviyogaH	bhinnaguṇaviyogaḥ	float multiply then subtract	mnemonic	derived	proposed	भिन्न + गुण + वियोगः, beside भिन्नगुणयोगः
ऋणभिन्नगुणयोगः	fRaBinnaguRayogaH	ṛṇabhinnaguṇayogaḥ	negated float multiply then add	mnemonic	derived	proposed	ऋण (ADR-0009's negative) + भिन्नगुणयोगः
ऋणभिन्नगुणवियोगः	fRaBinnaguRaviyogaH	ṛṇabhinnaguṇaviyogaḥ	negated float multiply then subtract	mnemonic	derived	proposed	ऋण + भिन्नगुणवियोगः
व्यत्ययचिह्नारोपणम्	vyatyayacihnAropaRam	vyatyayacihnāropaṇam	copy the inverted sign	mnemonic	derived	proposed	व्यत्यय (the T0 name for bitwise not) + चिह्नारोपणम्
वैषम्यचिह्नारोपणम्	vEzamyacihnAropaRam	vaiṣamyacihnāropaṇam	copy the signs xored	mnemonic	derived	proposed	वैषम्यम् (the T0 name for xor) + चिह्नारोपणम्
नियन्त्रकविनिमयः	niyantrakavinimayaH	niyantrakavinimayaḥ	control register exchange	mnemonic	derived	proposed	नियन्त्रक + विनिमयः (exchange), as in परमाणुविनिमयः
नियन्त्रकविकल्पः	niyantrakavikalpaH	niyantrakavikalpaḥ	control register set	mnemonic	derived	proposed	नियन्त्रक + विकल्पः (the T0 name for or); setting a bit is or-ing it
नियन्त्रकापसारणम्	niyantrakApasAraRam	niyantrakāpasāraṇam	control register clear	mnemonic	derived	proposed	नियन्त्रक + अप+√सृ (to remove) + अनम्; clearing is removal. The अ+अ join is savarṇa-dīrgha
मिश्रोपरिगुणनम्	miSropariguRanam	miśropariguṇanam	mixed-sign high multiplication	mnemonic	derived	proposed	मिश्र (mixed) + उपरिगुणनम्; one operand signed and one not, which is why it needs its own name
अचिह्नोपरिगुणनम्	acihnopariguRanam	acihnopariguṇanam	unsigned high multiplication	mnemonic	derived	proposed	अचिह्न (ADR-0006) + उपरिगुणनम्; the अ+उ join is guṇa (6.1.87), a rule sandhi.rs defers
स्थानसापेक्षयोगः	sTAnasApekzayogaH	sthānasāpekṣayogaḥ	add upper immediate to pc	mnemonic	derived	proposed	स्थान (place) + सापेक्ष (relative) + योगः (add); pc-relative
सचिह्नदक्षिणसरणम्	sacihnadakziRasaraRam	sacihnadakṣiṇasaraṇam	shift right arithmetic	mnemonic	derived	proposed	स + चिह्न (sign) + दक्षिणसरणम्; preserves the sign bit, unlike दक्षिणसरणम्
अचिह्नाहारः	acihnAhAraH	acihnāhāraḥ	load without sign extension	mnemonic	derived	proposed	अ (privative) + चिह्न (sign) + आहारः; zero-extends where आहारः sign-extends. Formed by the same savarṇa-dīrgha join (अ + आ -> आ) that sandhi.rs declines to compute (B-051)
विश्लेषणम्	viSlezaRam	viśleṣaṇam	disassembler	name	derived	proposed	वि+√श्लिष् (to take apart) + अनम्; doc 17's counterpart to साधनम् (B-013)
समलङ्घनम्	samalaNGanam	samalaṅghanam	branch if equal	mnemonic	derived	proposed	सम (from समम्, doc 15's equality operator) + लङ्घनम्
विषमलङ्घनम्	vizamalaNGanam	viṣamalaṅghanam	branch if not equal	mnemonic	derived	proposed	विषम + लङ्घनम्. The T0 spelling predates ADR-0026 and is frozen by spec/conformance-rvc-t0.tsv; T1's inequality operator is `असमम्` (ADR-0028), not the retired `विषमम्` this name was derived from.
न्यूनलङ्घनम्	nyUnalaNGanam	nyūnalaṅghanam	branch if less	mnemonic	derived	proposed	न्यून (from न्यूनम्, doc 15's less-than) + लङ्घनम्
अन्यूनलङ्घनम्	anyUnalaNGanam	anyūnalaṅghanam	branch if not less	mnemonic	derived	proposed	अ (privative) + न्यून + लङ्घनम्; not-less is >=, the same negation ADR-0006 uses
अचिह्नन्यूनलङ्घनम्	acihnanyUnalaNGanam	acihnanyūnalaṅghanam	branch if less, unsigned	mnemonic	derived	proposed	अचिह्न (ADR-0006) + न्यून + लङ्घनम्
अचिह्नान्यूनलङ्घनम्	acihnAnyUnalaNGanam	acihnānyūnalaṅghanam	branch if not less, unsigned	mnemonic	derived	proposed	अचिह्न + अन्यून + लङ्घनम्; the अ+अ join is savarṇa-dīrgha (6.1.101), the rule sandhi.rs declines to compute (B-051)
अचिह्नन्यूनम्	acihnanyUnam	acihnanyūnam	unsigned less-than	mnemonic	derived	proposed	अ (privative) + चिह्न (sign) + न्यूनम्; ADR-0006 — the unsigned sibling of न्यूनम्
अचिह्नभागः	acihnaBAgaH	acihnabhāgaḥ	unsigned division	mnemonic	derived	proposed	अ (privative) + चिह्न (sign) + भागः; ADR-0006 — the unsigned sibling of भागः
अचिह्नशेषः	acihnaSezaH	acihnaśeṣaḥ	unsigned remainder	mnemonic	derived	proposed	अ (privative) + चिह्न (sign) + शेषः; ADR-0006 — the unsigned sibling of शेषः
अचिह्नपरमाणुपरमम्	acihnaparamARuparamam	acihnaparamāṇuparamam	unsigned atomic maximum	mnemonic	derived	proposed	अ (privative) + चिह्न (sign) + परमाणुपरमम्; ADR-0006 — the unsigned sibling of परमाणुपरमम्
अचिह्नपरमाणुन्यूनतमम्	acihnaparamARunyUnatamam	acihnaparamāṇunyūnatamam	unsigned atomic minimum	mnemonic	derived	proposed	अ (privative) + चिह्न (sign) + परमाणुन्यूनतमम्; ADR-0006 — the unsigned sibling of परमाणुन्यूनतमम्
सापेक्षलङ्घनम्	sApekzalaNGanam	sāpekṣalaṅghanam	jump and link register	mnemonic	derived	proposed	सापेक्ष (relative) + लङ्घनम् (jump); target comes from a register
अन्वेषणविरामः	anvezaRavirAmaH	anveṣaṇavirāmaḥ	breakpoint	mnemonic	derived	proposed	अन्वेषण (investigation, cf अन्वेषकः debugger) + विरामः (halt); विरामः alone is `halt` and a breakpoint is not one
परमाणुयोगः	paramARuyogaH	paramāṇuyogaḥ	atomic add	mnemonic	derived	proposed	परमाणु (atomic) + योगः
परमाणुयुक्तम्	paramARuyuktam	paramāṇuyuktam	atomic and	mnemonic	derived	proposed	परमाणु + युक्तम्
परमाणुविकल्पः	paramARuvikalpaH	paramāṇuvikalpaḥ	atomic or	mnemonic	derived	proposed	परमाणु + विकल्पः
परमाणुवैषम्यम्	paramARuvEzamyam	paramāṇuvaiṣamyam	atomic xor	mnemonic	derived	proposed	परमाणु + वैषम्यम्
परमाणुपरमम्	paramARuparamam	paramāṇuparamam	atomic maximum	mnemonic	derived	proposed	परमाणु + परमम् (highest)
परमाणुन्यूनतमम्	paramARunyUnatamam	paramāṇunyūnatamam	atomic minimum	mnemonic	derived	proposed	परमाणु + न्यूनतमम् (least)
भिन्नाहारः	BinnAhAraH	bhinnāhāraḥ	float load	mnemonic	derived	proposed	भिन्न (float register) + आहारः
भिन्ननिधानम्	BinnaniDAnam	bhinnanidhānam	float store	mnemonic	derived	proposed	भिन्न + निधानम्
भिन्नयोगः	BinnayogaH	bhinnayogaḥ	float add	mnemonic	derived	proposed	भिन्न + योगः
भिन्नवियोगः	BinnaviyogaH	bhinnaviyogaḥ	float subtract	mnemonic	derived	proposed	भिन्न + वियोगः
भिन्नगुणनम्	BinnaguRanam	bhinnaguṇanam	float multiply	mnemonic	derived	proposed	भिन्न + गुणनम्
भिन्नभागः	BinnaBAgaH	bhinnabhāgaḥ	float divide	mnemonic	derived	proposed	भिन्न + भागः
भिन्नगुणयोगः	BinnaguRayogaH	bhinnaguṇayogaḥ	fused multiply-add	mnemonic	derived	proposed	भिन्न + गुणनम् + योगः; multiply and add as one rounding
भिन्नपरमम्	Binnaparamam	bhinnaparamam	float maximum	mnemonic	derived	proposed	भिन्न + परमम्
भिन्नन्यूनतमम्	BinnanyUnatamam	bhinnanyūnatamam	float minimum	mnemonic	derived	proposed	भिन्न + न्यूनतमम्
भिन्नरूपान्तरम्	BinnarUpAntaram	bhinnarūpāntaram	float convert	mnemonic	derived	proposed	भिन्न + रूपान्तरम् (change of form)
चिह्नारोपणम्	cihnAropaRam	cihnāropaṇam	sign injection	mnemonic	derived	proposed	चिह्न (sign) + आरोपणम् (placing upon)
भिन्नतुलना	BinnatulanA	bhinnatulanā	float compare	mnemonic	derived	proposed	भिन्न + तुलना
भिन्नवर्गः	BinnavargaH	bhinnavargaḥ	classify float	mnemonic	derived	proposed	भिन्न + वर्गः (class); वर्ग is already `square, class`
भिन्नसंचारः	BinnasaMcAraH	bhinnasaṃcāraḥ	float move	mnemonic	derived	proposed	भिन्न + संचारः
नियन्त्रककोष्ठः	niyantrakakozWaH	niyantrakakoṣṭhaḥ	control and status register	mnemonic	derived	proposed	नियन्त्रक (controlling) + कोष्ठ (register)
आदेशबन्धः	AdeSabanDaH	ādeśabandhaḥ	instruction fence	mnemonic	derived	proposed	आदेश (instruction) + बन्धः (binding); orders instruction fetch, not data
स्मृतिक्षेत्रबन्धः	smftikzetrabanDaH	smṛtikṣetrabandhaḥ	address-translation fence	mnemonic	derived	proposed	स्मृतिक्षेत्रम् (address space, doc 11) + बन्धः, the third of the pair स्मृतिबन्धः and आदेशबन्धः; orders updates to the page tables, which is neither data nor fetch
समापनम्	samApanam	samāpanam	application exit	kernel	derived	proposed	सम् + आ + √पद् -> समापनम् (bringing to an end); ADR-0016 call 0, and the call an application ends by rather than returning
आलेखनम्	AleKanam	ālekhanam	surface write	kernel	derived	proposed	आ + √लिख् + अनम् (writing upon); ADR-0016 call 1. Distinct from लेखनम्, which is the fence domain RISC-V spells `w`
सिद्धम्	sidDam	siddham	call succeeded	kernel	attested	proposed	ADR-0016 error code 0; the four failures are असमर्थितम्, अधिकाराभावः, रिक्तप्रवेशः and सीमातिक्रमः, all of which the lexicon already carried
चालनम्	cAlanam	cālanam	running (execution)	concept	derived	proposed	चालन (causing to move / setting in motion); UI coinage for program execution (Sanskriti)
यतिः	yatiH	yatiḥ	newline	keyword	attested	proposed	ADR-0018 — prosody's caesura, "the pause that divides a metrical line"; doc 17a §3.3 already names darshana's line breaker यतिः for the same concept. A VALUE in T1 and never an escape: inside उक्तम् … इति it is its own four akṣaras
विवरम्	vivaram	vivaram	space	keyword	attested	proposed	ADR-0018 — वि+√वृ, an opening or interstice, the interval between two things; U+0020 as a value. अवकाशः, the obvious word, is taken by the linker's संरचना अवकाश (Slot) and अन्तरम् is already `delta`
