# The वर्ग table — स्थान and प्रयत्न for the 25 stops. Task `B-052`, doc 01 §2.
#
# AUTHORED, and that is a finding rather than a shortcut. Four sources were
# tried and every one of them fails:
#
#   - **The Śiva sūtras.** They order the stops four different ways. जश् is
#     ज ब ग ड द (palatal, labial, velar, retroflex, dental) and चर् opens
#     च ट त क प (palatal, retroflex, dental, velar, labial). Index alignment
#     works between झष् and जश् and between no other pair, so यथासंख्यम् —
#     which gave `इ→य` for free — cannot reach this.
#   - **Code points.** क–म look like five rows of five at U+0915, and `ऩ`
#     (NNNA, U+0929) sits between न and प. `(cp - 0x915) / 5` therefore shifts
#     the entire labial varga by one and is wrong for exactly five letters.
#     This is `B-051`'s ऋ/ॠ trap a second time.
#   - **Unicode names.** They give aspiration (KA→KHA) and not voicing: there
#     is nothing in `KA` and `GA` that says they share a place.
#   - **The repertoire.** It admits `ऩ`, so filtering by it does not recover
#     the run either.
#
# स्थान is stated in the Śikṣā, not the Aṣṭādhyāyī, and 1.1.9
# तुल्यास्यप्रयत्नं सवर्णम् presupposes it rather than defining it. So it is
# written down, once, here.
#
# # What checks it
#
# Each column is a pratyāhāra, and `crates/sanskrit-text/src/varga.rs` asserts
# the correspondence set-wise:
#
#   column 0 (अघोष अल्पप्राण) — the first five of चर्
#   column 1 (अघोष महाप्राण) — the first five of खय्
#   column 2 (घोष अल्पप्राण)  — जश्, exactly
#   column 3 (घोष महाप्राण)  — झष्, exactly
#   column 4 (अनुनासिक)      — the nasals of यम्
#
# Five independent agreements with a table that knows nothing about place. A
# single misplaced letter breaks at least one of them.
#
# Columns: aksara, varga (0..4), column (0..4), sthana, prayatna
aksara	varga	column	sthana	prayatna
क	0	0	कण्ठ्य	अघोष अल्पप्राण
ख	0	1	कण्ठ्य	अघोष महाप्राण
ग	0	2	कण्ठ्य	घोष अल्पप्राण
घ	0	3	कण्ठ्य	घोष महाप्राण
ङ	0	4	कण्ठ्य	अनुनासिक
च	1	0	तालव्य	अघोष अल्पप्राण
छ	1	1	तालव्य	अघोष महाप्राण
ज	1	2	तालव्य	घोष अल्पप्राण
झ	1	3	तालव्य	घोष महाप्राण
ञ	1	4	तालव्य	अनुनासिक
ट	2	0	मूर्धन्य	अघोष अल्पप्राण
ठ	2	1	मूर्धन्य	अघोष महाप्राण
ड	2	2	मूर्धन्य	घोष अल्पप्राण
ढ	2	3	मूर्धन्य	घोष महाप्राण
ण	2	4	मूर्धन्य	अनुनासिक
त	3	0	दन्त्य	अघोष अल्पप्राण
थ	3	1	दन्त्य	अघोष महाप्राण
द	3	2	दन्त्य	घोष अल्पप्राण
ध	3	3	दन्त्य	घोष महाप्राण
न	3	4	दन्त्य	अनुनासिक
प	4	0	ओष्ठ्य	अघोष अल्पप्राण
फ	4	1	ओष्ठ्य	अघोष महाप्राण
ब	4	2	ओष्ठ्य	घोष अल्पप्राण
भ	4	3	ओष्ठ्य	घोष महाप्राण
म	4	4	ओष्ठ्य	अनुनासिक
