अन्तर्जालपत्रम्	html
शिरः	head
शरीरम्	body
शीर्षकम्१	h1
प्रभागः	div
लिपिः	script
रूपम्	style
लिङ्कः	a
प्रतिमा	img
खण्डी	p
सूची	ul
अङ्कसूची	ol
सूचीपदम्	li
विस्तारः	span
निवेशनम्	input
बटनम्	button
रूपरेखा	form
सारणी	table
पङ्क्तिः	tr
स्तम्भः	td
शीर्षकस्तम्भः	th
शिरोभागः	header
पादभागः	footer
मुख्यम्	main
लेखः	article
खण्डः	section
मार्गदर्शनम्	nav
कक्षा	class
परिचयः	id
सन्दर्भः	href
स्रोतः	src
प्रकारः	type
मूल्यम्	value
नाम	name
सत्यम्	true
असत्यम्	false
शून्यम्	null
अपरिभाषितम्	undefined
कार्यम्	function
प्रतिफलम्	return
यदि	if
अन्यथा	else
लूपः	for
यावत्	while
स्विचः	switch
प्रकरणम्	case
विरतम्	break
निरन्तरम्	continue
स्थिरम्	const
चरम्	let
वैश्विकम्	var
नया	new
अस्मिन्	this
दस्तावेजः	document
विण्डो	window
नियन्त्रकः	console
प्रवेशः	log
घटना	event
श्रवणम्	addEventListener
रङ्गः	color
पृष्ठभूमिः	background
आकारः	width
औच्च्यम्	height
अन्तरम्	margin
पूरणम्	padding
सीमा	border
प्रदर्शितम्	display
अदृश्यम्	none
खण्डाः	block
सुलभः	flex
जालकः	grid
स्थितिः	position
सापेक्षः	relative
निरपेक्षः	absolute
स्थिरः	fixed
अक्षराकारः	font-size
लेखनी	font-family
भारः	font-weight
पङ्क्तिगहनता	line-height
पाठअक्षराणि	text-align
वाम	left
दक्षिण	right
केन्द्र	center
औचित्य	justify
